{
  "config": {
    "data": "data/wmt24_filtered_100.jsonl",
    "model_id": "TM_3bit",
    "device_map": "auto",
    "max_new_tokens": 256,
    "bins": "quantile_balanced",
    "eval_metrics": [
      "bleu",
      "chrf",
      "comet"
    ]
  },
  "counts": {
    "rows": 386
  },
  "metrics": {
    "chrf": {
      "overall": {
        "count": 386,
        "mean": 44.11671298220588
      },
      "by_bin": {
        "(0.9307763735422399-0.9958426710938243]": {
          "count": 128,
          "mean": 41.20662838817668
        },
        "(0.8641313217143293-0.9307763735422399]": {
          "count": 128,
          "mean": 48.08724022418207
        },
        "(0.0-0.8641313217143293]": {
          "count": 128,
          "mean": 42.76926195817327
        },
        "UNBINNED": {
          "count": 2,
          "mean": 62.485249051681805
        }
      },
      "by_langpair": {
        "en-de": {
          "count": 99,
          "mean": 45.68780002273489
        },
        "en-zh": {
          "count": 96,
          "mean": 22.302432908227846
        },
        "en-nl": {
          "count": 96,
          "mean": 52.56053824904154
        },
        "en-es": {
          "count": 95,
          "mean": 55.99067134508259
        }
      },
      "by_langpair_bin": {
        "en-de | (0.9307763735422399-0.9958426710938243]": {
          "count": 37,
          "mean": 38.06699538191032
        },
        "en-zh | (0.8641313217143293-0.9307763735422399]": {
          "count": 28,
          "mean": 28.746684085833547
        },
        "en-nl | (0.8641313217143293-0.9307763735422399]": {
          "count": 33,
          "mean": 50.37783682118135
        },
        "en-es | (0.0-0.8641313217143293]": {
          "count": 29,
          "mean": 48.656160019177776
        },
        "en-de | (0.8641313217143293-0.9307763735422399]": {
          "count": 33,
          "mean": 51.27840537883198
        },
        "en-nl | (0.9307763735422399-0.9958426710938243]": {
          "count": 32,
          "mean": 51.703664101098035
        },
        "en-es | (0.9307763735422399-0.9958426710938243]": {
          "count": 31,
          "mean": 59.86206504954801
        },
        "en-de | (0.0-0.8641313217143293]": {
          "count": 28,
          "mean": 48.36475058980104
        },
        "en-zh | (0.0-0.8641313217143293]": {
          "count": 40,
          "mean": 24.509951700043146
        },
        "en-es | (0.8641313217143293-0.9307763735422399]": {
          "count": 34,
          "mean": 58.694223579162504
        },
        "en-zh | (0.9307763735422399-0.9958426710938243]": {
          "count": 28,
          "mean": 12.704583456600275
        },
        "en-de | UNBINNED": {
          "count": 1,
          "mean": 68.21297910418703
        },
        "en-nl | (0.0-0.8641313217143293]": {
          "count": 31,
          "mean": 55.76857437335055
        },
        "en-es | UNBINNED": {
          "count": 1,
          "mean": 56.75751899917658
        }
      }
    },
    "comet": {
      "overall": {
        "count": 386,
        "mean": 0.7271362800595056,
        "system_score": 0.7271362800595056
      },
      "by_bin": {
        "(0.9307763735422399-0.9958426710938243]": {
          "count": 128,
          "mean": 0.7184555262792856
        },
        "(0.8641313217143293-0.9307763735422399]": {
          "count": 128,
          "mean": 0.7678135288879275
        },
        "(0.0-0.8641313217143293]": {
          "count": 128,
          "mean": 0.6943158098729327
        },
        "UNBINNED": {
          "count": 2,
          "mean": 0.7798706889152527
        }
      },
      "by_langpair": {
        "en-de": {
          "count": 99,
          "mean": 0.7073841501366008
        },
        "en-zh": {
          "count": 96,
          "mean": 0.6790791121311486
        },
        "en-nl": {
          "count": 96,
          "mean": 0.7864143506934246
        },
        "en-es": {
          "count": 95,
          "mean": 0.7363810611398597
        }
      },
      "by_langpair_bin": {
        "en-de | (0.9307763735422399-0.9958426710938243]": {
          "count": 37,
          "mean": 0.6867899395324089
        },
        "en-zh | (0.8641313217143293-0.9307763735422399]": {
          "count": 28,
          "mean": 0.7227042700563159
        },
        "en-nl | (0.8641313217143293-0.9307763735422399]": {
          "count": 33,
          "mean": 0.7754405330527913
        },
        "en-es | (0.0-0.8641313217143293]": {
          "count": 29,
          "mean": 0.6214267775930208
        },
        "en-de | (0.8641313217143293-0.9307763735422399]": {
          "count": 33,
          "mean": 0.7725210812958804
        },
        "en-nl | (0.9307763735422399-0.9958426710938243]": {
          "count": 32,
          "mean": 0.8100317716598511
        },
        "en-es | (0.9307763735422399-0.9958426710938243]": {
          "count": 31,
          "mean": 0.7828107524302698
        },
        "en-de | (0.0-0.8641313217143293]": {
          "count": 28,
          "mean": 0.6526027896574566
        },
        "en-zh | (0.0-0.8641313217143293]": {
          "count": 40,
          "mean": 0.7148236405104399
        },
        "en-es | (0.8641313217143293-0.9307763735422399]": {
          "count": 34,
          "mean": 0.792990554781521
        },
        "en-zh | (0.9307763735422399-0.9958426710938243]": {
          "count": 28,
          "mean": 0.5843903422355652
        },
        "en-de | UNBINNED": {
          "count": 1,
          "mean": 0.8537293076515198
        },
        "en-nl | (0.0-0.8641313217143293]": {
          "count": 31,
          "mean": 0.7737168833132713
        },
        "en-es | UNBINNED": {
          "count": 1,
          "mean": 0.7060120701789856
        }
      }
    },
    "bleu": {
      "overall": {
        "count": 386,
        "bleu": 0.20525883022141558
      },
      "by_bin": {
        "(0.9307763735422399-0.9958426710938243]": {
          "count": 128,
          "bleu": 0.09882491838809437
        },
        "(0.8641313217143293-0.9307763735422399]": {
          "count": 128,
          "bleu": 0.23354418395816826
        },
        "(0.0-0.8641313217143293]": {
          "count": 128,
          "bleu": 0.26180035166605675
        },
        "UNBINNED": {
          "count": 2,
          "bleu": 0.3174021948882735
        }
      },
      "by_langpair": {
        "en-de": {
          "count": 99,
          "bleu": 0.16553973663137744
        },
        "en-zh": {
          "count": 96,
          "bleu": 0.01668042804174749
        },
        "en-nl": {
          "count": 96,
          "bleu": 0.25496934802935756
        },
        "en-es": {
          "count": 95,
          "bleu": 0.2794391739788816
        }
      },
      "by_langpair_bin": {
        "en-de | (0.9307763735422399-0.9958426710938243]": {
          "count": 37,
          "bleu": 0.07415088531282256
        },
        "en-zh | (0.8641313217143293-0.9307763735422399]": {
          "count": 28,
          "bleu": 0.01924892640911031
        },
        "en-nl | (0.8641313217143293-0.9307763735422399]": {
          "count": 33,
          "bleu": 0.2355310726936197
        },
        "en-es | (0.0-0.8641313217143293]": {
          "count": 29,
          "bleu": 0.27647163245061823
        },
        "en-de | (0.8641313217143293-0.9307763735422399]": {
          "count": 33,
          "bleu": 0.19112663001991315
        },
        "en-nl | (0.9307763735422399-0.9958426710938243]": {
          "count": 32,
          "bleu": 0.12408340232911419
        },
        "en-es | (0.9307763735422399-0.9958426710938243]": {
          "count": 31,
          "bleu": 0.20313759602660192
        },
        "en-de | (0.0-0.8641313217143293]": {
          "count": 28,
          "bleu": 0.22415852837632824
        },
        "en-zh | (0.0-0.8641313217143293]": {
          "count": 40,
          "bleu": 0.050760331082543714
        },