{
  "config": {
    "data": "data/wmt24_estimated_normalized.jsonl",
    "model_id": "G3_8bit",
    "device_map": "auto",
    "max_new_tokens": 256,
    "bins": "interval",
    "eval_metrics": [
      "chrf",
      "comet"
    ]
  },
  "counts": {
    "rows": 3840
  },
  "metrics": {
    "chrf": {
      "overall": {
        "count": 3840,
        "mean": 50.23272915433506
      },
      "by_bin": {
        "(0.861 - 0.929]": {
          "count": 1280,
          "mean": 50.413746238380085
        },
        "(0.929 - 1.0]": {
          "count": 1280,
          "mean": 50.747804333504575
        },
        "(0.0 - 0.861]": {
          "count": 1280,
          "mean": 49.53663689112047
        }
      },
      "by_langpair": {
        "en-de": {
          "count": 960,
          "mean": 53.96274571342755
        },
        "en-es": {
          "count": 960,
          "mean": 61.71426348492868
        },
        "en-nl": {
          "count": 960,
          "mean": 54.15861778227895
        },
        "en-zh": {
          "count": 960,
          "mean": 31.095289636704923
        }
      },
      "by_langpair_bin": {
        "en-de | (0.861 - 0.929]": {
          "count": 320,
          "mean": 53.090714714841646
        },
        "en-de | (0.929 - 1.0]": {
          "count": 320,
          "mean": 55.037722118553305
        },
        "en-de | (0.0 - 0.861]": {
          "count": 320,
          "mean": 53.75980030688769
        },
        "en-es | (0.861 - 0.929]": {
          "count": 320,
          "mean": 62.102132649048635
        },
        "en-es | (0.929 - 1.0]": {
          "count": 320,
          "mean": 61.630017015501025
        },
        "en-es | (0.0 - 0.861]": {
          "count": 320,
          "mean": 61.410640790236606
        },
        "en-nl | (0.861 - 0.929]": {
          "count": 320,
          "mean": 54.55519903495872
        },
        "en-nl | (0.929 - 1.0]": {
          "count": 320,
          "mean": 53.923998857240335
        },
        "en-nl | (0.0 - 0.861]": {
          "count": 320,
          "mean": 53.996655454637676
        },
        "en-zh | (0.861 - 0.929]": {
          "count": 320,
          "mean": 31.906938554671264
        },
        "en-zh | (0.929 - 1.0]": {
          "count": 320,
          "mean": 32.39947934272371
        },
        "en-zh | (0.0 - 0.861]": {
          "count": 320,
          "mean": 28.979451012719835
        }
      }
    },
    "comet": {
      "overall": {
        "count": 3840,
        "mean": 0.8114773617203658,
        "system_score": 0.8114773617203658
      },
      "by_bin": {
        "(0.861 - 0.929]": {
          "count": 1280,
          "mean": 0.8118197246221825
        },
        "(0.929 - 1.0]": {
          "count": 1280,
          "mean": 0.850869947206229
        },
        "(0.0 - 0.861]": {
          "count": 1280,
          "mean": 0.7717424133326858
        }
      },
      "by_langpair": {
        "en-de": {
          "count": 960,
          "mean": 0.7969188193790615
        },
        "en-es": {
          "count": 960,
          "mean": 0.8177310154773295
        },
        "en-nl": {
          "count": 960,
          "mean": 0.8154499256052077
        },
        "en-zh": {
          "count": 960,
          "mean": 0.8158096864198645
        }
      },
      "by_langpair_bin": {
        "en-de | (0.861 - 0.929]": {
          "count": 320,
          "mean": 0.7926866652444005
        },
        "en-de | (0.929 - 1.0]": {
          "count": 320,
          "mean": 0.8437052183784545
        },
        "en-de | (0.0 - 0.861]": {
          "count": 320,
          "mean": 0.7543645745143295
        },
        "en-es | (0.861 - 0.929]": {
          "count": 320,
          "mean": 0.8184154380112887
        },
        "en-es | (0.929 - 1.0]": {
          "count": 320,
          "mean": 0.8597461918368936
        },
        "en-es | (0.0 - 0.861]": {
          "count": 320,
          "mean": 0.7750314165838063
        },
        "en-nl | (0.861 - 0.929]": {
          "count": 320,
          "mean": 0.8153889507986605
        },
        "en-nl | (0.929 - 1.0]": {
          "count": 320,
          "mean": 0.8608918544836343
        },
        "en-nl | (0.0 - 0.861]": {
          "count": 320,
          "mean": 0.7700689715333283
        },
        "en-zh | (0.861 - 0.929]": {
          "count": 320,
          "mean": 0.8207878444343806
        },
        "en-zh | (0.929 - 1.0]": {
          "count": 320,
          "mean": 0.8391365241259336
        },
        "en-zh | (0.0 - 0.861]": {
          "count": 320,
          "mean": 0.7875046906992793
        }
      }
    }
  }
}