{
  "config": {
    "data": "data/wmt24_filtered_5.jsonl",
    "model_id": "TM",
    "device_map": "auto",
    "max_new_tokens": 256,
    "bins": "quantile_balanced",
    "eval_metrics": [
      "bleu",
      "chrf",
      "comet"
    ]
  },
  "counts": {
    "rows": 20
  },
  "metrics": {
    "chrf": {
      "overall": {
        "count": 20,
        "mean": 53.14069627237717
      },
      "by_bin": {
        "UNBINNED": {
          "count": 2,
          "mean": 33.477909818740386
        },
        "(0.09993314743041985-0.25673376023769373]": {
          "count": 6,
          "mean": 52.394910968899204
        },
        "(-2.841447114944458-0.09993314743041985]": {
          "count": 6,
          "mean": 60.47554408723544
        },
        "(0.25673376023769373-0.5294290781021118]": {
          "count": 6,
          "mean": 53.10589591220913
        }
      },
      "by_langpair": {
        "en-nl": {
          "count": 5,
          "mean": 51.83555557241302
        },
        "en-de": {
          "count": 5,
          "mean": 53.65031691146604
        },
        "en-zh": {
          "count": 5,
          "mean": 33.83652197584068
        },
        "en-es": {
          "count": 5,
          "mean": 73.24039062978895
        }
      },
      "by_langpair_bin": {
        "en-nl | UNBINNED": {
          "count": 1,
          "mean": 41.59971016937874
        },
        "en-de | (0.09993314743041985-0.25673376023769373]": {
          "count": 1,
          "mean": 46.92332863183989
        },
        "en-zh | (0.09993314743041985-0.25673376023769373]": {
          "count": 2,
          "mean": 27.686674710732895
        },
        "en-es | (-2.841447114944458-0.09993314743041985]": {
          "count": 1,
          "mean": 62.87267161869822
        },
        "en-nl | (-2.841447114944458-0.09993314743041985]": {
          "count": 2,
          "mean": 64.26878282563449
        },
        "en-de | (0.25673376023769373-0.5294290781021118]": {
          "count": 1,
          "mean": 49.88522867204486
        },
        "en-zh | (0.25673376023769373-0.5294290781021118]": {
          "count": 2,
          "mean": 44.226575494817794
        },
        "en-es | (0.25673376023769373-0.5294290781021118]": {
          "count": 2,
          "mean": 68.61569338594643
        },
        "en-de | (-2.841447114944458-0.09993314743041985]": {
          "count": 3,
          "mean": 57.14767575114848
        },
        "en-nl | (0.09993314743041985-0.25673376023769373]": {
          "count": 1,
          "mean": 45.974893001735914
        },
        "en-zh | UNBINNED": {
          "count": 1,
          "mean": 25.356109468102034
        },
        "en-es | (0.09993314743041985-0.25673376023769373]": {
          "count": 2,
          "mean": 83.04894737917681
        },
        "en-nl | (0.25673376023769373-0.5294290781021118]": {
          "count": 1,
          "mean": 43.065609039681455
        }
      }
    },
    "comet": {
      "overall": {
        "count": 20,
        "mean": 0.8242709636688232,
        "system_score": 0.8242709636688232
      },
      "by_bin": {
        "UNBINNED": {
          "count": 2,
          "mean": 0.7814969122409821
        },
        "(0.09993314743041985-0.25673376023769373]": {
          "count": 6,
          "mean": 0.8254898091157278
        },
        "(-2.841447114944458-0.09993314743041985]": {
          "count": 6,
          "mean": 0.8158525427182516
        },
        "(0.25673376023769373-0.5294290781021118]": {
          "count": 6,
          "mean": 0.8457285563151041
        }
      },
      "by_langpair": {
        "en-nl": {
          "count": 5,
          "mean": 0.8286597609519959
        },
        "en-de": {
          "count": 5,
          "mean": 0.7733347177505493
        },
        "en-zh": {
          "count": 5,
          "mean": 0.8373034000396729
        },
        "en-es": {
          "count": 5,
          "mean": 0.8577859759330749
        }
      },
      "by_langpair_bin": {
        "en-nl | UNBINNED": {
          "count": 1,
          "mean": 0.8467365503311157
        },
        "en-de | (0.09993314743041985-0.25673376023769373]": {
          "count": 1,
          "mean": 0.7585940957069397
        },
        "en-zh | (0.09993314743041985-0.25673376023769373]": {
          "count": 2,
          "mean": 0.8057620227336884
        },
        "en-es | (-2.841447114944458-0.09993314743041985]": {
          "count": 1,
          "mean": 0.8277495503425598
        },
        "en-nl | (-2.841447114944458-0.09993314743041985]": {
          "count": 2,
          "mean": 0.8375576734542847
        },
        "en-de | (0.25673376023769373-0.5294290781021118]": {
          "count": 1,
          "mean": 0.7158291339874268
        },
        "en-zh | (0.25673376023769373-0.5294290781021118]": {
          "count": 2,
          "mean": 0.9293678402900696
        },
        "en-es | (0.25673376023769373-0.5294290781021118]": {
          "count": 2,
          "mean": 0.8417754173278809
        },
        "en-de | (-2.841447114944458-0.09993314743041985]": {
          "count": 3,
          "mean": 0.7974167863527933
        },
        "en-nl | (0.09993314743041985-0.25673376023769373]": {
          "count": 1,
          "mean": 0.8051912188529968
        },
        "en-zh | UNBINNED": {
          "count": 1,
          "mean": 0.7162572741508484
        },
        "en-es | (0.09993314743041985-0.25673376023769373]": {
          "count": 2,
          "mean": 0.8888147473335266
        },
        "en-nl | (0.25673376023769373-0.5294290781021118]": {
          "count": 1,
          "mean": 0.8162556886672974
        }
      }
    },
    "bleu": {
      "overall": {
        "count": 20,
        "bleu": 0.3544870914080114
      },
      "by_bin": {
        "UNBINNED": {
          "count": 2,
          "bleu": 0.0
        },
        "(0.09993314743041985-0.25673376023769373]": {
          "count": 6,
          "bleu": 0.45620694643462306
        },
        "(-2.841447114944458-0.09993314743041985]": {
          "count": 6,
          "bleu": 0.3500113589062578
        },
        "(0.25673376023769373-0.5294290781021118]": {
          "count": 6,
          "bleu": 0.20629265462689703
        }
      },
      "by_langpair": {
        "en-nl": {
          "count": 5,
          "bleu": 0.300417967573855
        },
        "en-de": {
          "count": 5,
          "bleu": 0.3549116308879981
        },
        "en-zh": {
          "count": 5,
          "bleu": 0.0
        },
        "en-es": {
          "count": 5,
          "bleu": 0.4400080492307209
        }
      },
      "by_langpair_bin": {
        "en-nl | UNBINNED": {
          "count": 1,
          "bleu": 0.0
        },
        "en-de | (0.09993314743041985-0.25673376023769373]": {
          "count": 1,
          "bleu": 0.0
        },
        "en-zh | (0.09993314743041985-0.25673376023769373]": {
          "count": 2,
          "bleu": 0.0
        },
        "en-es | (-2.841447114944458-0.09993314743041985]": {
          "count": 1,
          "bleu": 0.28548337024456266
        },
        "en-nl | (-2.841447114944458-0.09993314743041985]": {
          "count": 2,
          "bleu": 0.33107019929213466
        },
        "en-de | (0.25673376023769373-0.5294290781021118]": {
          "count": 1,
          "bleu": 0.14264965190603165
        },
        "en-zh | (0.25673376023769373-0.5294290781021118]": {
          "count": 2,
          "bleu": 0.0
        },
        "en-es | (0.25673376023769373-0.5294290781021118]": {
          "count": 2,
          "bleu": 0.3321277514527953
        },
        "en-de | (-2.841447114944458-0.09993314743041985]": {
          "count": 3,
          "bleu": 0.3924210591402991
        },
        "en-nl | (0.09993314743041985-0.25673376023769373]": {
          "count": 1,
          "bleu": 0.21265744630967193
        },
        "en-zh | UNBINNED": {
          "count": 1,
          "bleu": 0.0
        },