{
  "config": {
    "data": "data/subset.jsonl",
    "model_id": "Unbabel/TowerInstruct-Mistral-7B-v0.2",
    "device_map": "auto",
    "max_new_tokens": 256,
    "bins": "0-30,30-60,60-100",
    "eval_metrics": [
      "chrf"
    ]
  },
  "counts": {
    "rows": 60
  },
  "metrics": {
    "chrf": {
      "overall": {
        "count": 60,
        "mean": 64.2734021238341
      },
      "by_bin": {
        "(30.0-60.0]": {
          "count": 15,
          "mean": 58.727263271512605
        },
        "(60.0-100.0]": {
          "count": 42,
          "mean": 65.61503002776186
        },
        "(0.0-30.0]": {
          "count": 3,
          "mean": 73.2213057304528
        }
      },
      "by_langpair": {
        "en-ru": {
          "count": 60,
          "mean": 64.2734021238341
        }
      },
      "by_langpair_bin": {
        "en-ru | (30.0-60.0]": {
          "count": 15,
          "mean": 58.727263271512605
        },
        "en-ru | (60.0-100.0]": {
          "count": 42,
          "mean": 65.61503002776186
        },
        "en-ru | (0.0-30.0]": {
          "count": 3,
          "mean": 73.2213057304528
        }
      }
    }
  }
}