{
  "config": {
    "data": "data/wmt24_filtered_100.jsonl",
    "model_id": "TM",
    "device_map": "auto",
    "max_new_tokens": 256,
    "bins": "quantile_balanced",
    "eval_metrics": [
      "bleu",
      "chrf",
      "comet"
    ]
  },
  "counts": {
    "rows": 386
  },
  "metrics": {
    "chrf": {
      "overall": {
        "count": 386,
        "mean": 52.73952135059762
      },
      "by_bin": {
        "(0.9307763735422399-0.9958426710938243]": {
          "count": 128,
          "mean": 54.532354738088806
        },
        "(0.8641313217143293-0.9307763735422399]": {
          "count": 128,
          "mean": 53.95977863424379
        },
        "(0.0-0.8641313217143293]": {
          "count": 128,
          "mean": 49.59578848742124
        },
        "UNBINNED": {
          "count": 2,
          "mean": 61.100621641092516
        }
      },
      "by_langpair": {
        "en-de": {
          "count": 99,
          "mean": 56.880422229741406
        },
        "en-zh": {
          "count": 96,
          "mean": 32.52296434873713
        },
        "en-nl": {
          "count": 96,
          "mean": 58.00813017681386
        },
        "en-es": {
          "count": 95,
          "mean": 63.52956174877245
        }
      },
      "by_langpair_bin": {
        "en-de | (0.9307763735422399-0.9958426710938243]": {
          "count": 37,
          "mean": 59.84247185554127
        },
        "en-zh | (0.8641313217143293-0.9307763735422399]": {
          "count": 28,
          "mean": 38.31914853179345
        },
        "en-nl | (0.8641313217143293-0.9307763735422399]": {
          "count": 33,
          "mean": 57.22607731175852
        },
        "en-es | (0.0-0.8641313217143293]": {
          "count": 29,
          "mean": 63.09554459352166
        },
        "en-de | (0.8641313217143293-0.9307763735422399]": {
          "count": 33,
          "mean": 54.570866880836554
        },
        "en-nl | (0.9307763735422399-0.9958426710938243]": {
          "count": 32,
          "mean": 58.36198662506912
        },
        "en-es | (0.9307763735422399-0.9958426710938243]": {
          "count": 31,
          "mean": 64.875603670263
        },
        "en-de | (0.0-0.8641313217143293]": {
          "count": 28,
          "mean": 55.13314296233326
        },
        "en-zh | (0.0-0.8641313217143293]": {
          "count": 40,
          "mean": 29.050643913714254
        },
        "en-es | (0.8641313217143293-0.9307763735422399]": {
          "count": 34,
          "mean": 63.07695140992208
        },
        "en-zh | (0.9307763735422399-0.9958426710938243]": {
          "count": 28,
          "mean": 31.687237929999203
        },
        "en-de | UNBINNED": {
          "count": 1,
          "mean": 72.42373207643557
        },
        "en-nl | (0.0-0.8641313217143293]": {
          "count": 31,
          "mean": 58.47536689302857
        },
        "en-es | UNBINNED": {
          "count": 1,
          "mean": 49.777511205749455
        }
      }
    },
    "comet": {
      "overall": {
        "count": 386,
        "mean": 0.8274624023412793,
        "system_score": 0.8274624023412793
      },
      "by_bin": {
        "(0.9307763735422399-0.9958426710938243]": {
          "count": 128,
          "mean": 0.8723773369565606
        },
        "(0.8641313217143293-0.9307763735422399]": {
          "count": 128,
          "mean": 0.8280687872320414
        },
        "(0.0-0.8641313217143293]": {
          "count": 128,
          "mean": 0.7828839812427759
        },
        "UNBINNED": {
          "count": 2,
          "mean": 0.767116904258728
        }
      },
      "by_langpair": {
        "en-de": {
          "count": 99,
          "mean": 0.8213954263865345
        },
        "en-zh": {
          "count": 96,
          "mean": 0.8227317507068316
        },
        "en-nl": {
          "count": 96,
          "mean": 0.8406678705165783
        },
        "en-es": {
          "count": 95,
          "mean": 0.8252208047791532
        }
      },
      "by_langpair_bin": {
        "en-de | (0.9307763735422399-0.9958426710938243]": {
          "count": 37,
          "mean": 0.879335604809426
        },
        "en-zh | (0.8641313217143293-0.9307763735422399]": {
          "count": 28,
          "mean": 0.8351438769272396
        },
        "en-nl | (0.8641313217143293-0.9307763735422399]": {
          "count": 33,
          "mean": 0.8484268260724617
        },
        "en-es | (0.0-0.8641313217143293]": {
          "count": 29,
          "mean": 0.7825012813354361
        },
        "en-de | (0.8641313217143293-0.9307763735422399]": {
          "count": 33,
          "mean": 0.8129695906783595
        },
        "en-nl | (0.9307763735422399-0.9958426710938243]": {
          "count": 32,
          "mean": 0.8787561841309071
        },
        "en-es | (0.9307763735422399-0.9958426710938243]": {
          "count": 31,
          "mean": 0.878877708988805
        },
        "en-de | (0.0-0.8641313217143293]": {
          "count": 28,
          "mean": 0.7534298353961536
        },
        "en-zh | (0.0-0.8641313217143293]": {
          "count": 40,
          "mean": 0.7958686158061028
        },
        "en-es | (0.8641313217143293-0.9307763735422399]": {
          "count": 34,
          "mean": 0.8171380723223967
        },
        "en-zh | (0.9307763735422399-0.9958426710938243]": {
          "count": 28,
          "mean": 0.8486955314874649
        },
        "en-de | UNBINNED": {
          "count": 1,
          "mean": 0.8586979508399963
        },
        "en-nl | (0.0-0.8641313217143293]": {
          "count": 31,
          "mean": 0.7930913682906858
        },
        "en-es | UNBINNED": {
          "count": 1,
          "mean": 0.6755358576774597
        }
      }
    },
    "bleu": {
      "overall": {
        "count": 386,
        "bleu": 0.35193571893072756
      },
      "by_bin": {
        "(0.9307763735422399-0.9958426710938243]": {
          "count": 128,
          "bleu": 0.3877529658694011
        },
        "(0.8641313217143293-0.9307763735422399]": {
          "count": 128,
          "bleu": 0.3522292344912292
        },
        "(0.0-0.8641313217143293]": {
          "count": 128,
          "bleu": 0.34342761884489514
        },
        "UNBINNED": {
          "count": 2,
          "bleu": 0.3194726732975857
        }
      },
      "by_langpair": {
        "en-de": {
          "count": 99,
          "bleu": 0.3026754932159161
        },
        "en-zh": {
          "count": 96,
          "bleu": 0.17813773928814744
        },
        "en-nl": {
          "count": 96,
          "bleu": 0.31763966402102717
        },
        "en-es": {
          "count": 95,
          "bleu": 0.4323057656274104
        }
      },
      "by_langpair_bin": {
        "en-de | (0.9307763735422399-0.9958426710938243]": {
          "count": 37,
          "bleu": 0.32878216283619505
        },
        "en-zh | (0.8641313217143293-0.9307763735422399]": {
          "count": 28,
          "bleu": 0.22793849568575514
        },
        "en-nl | (0.8641313217143293-0.9307763735422399]": {
          "count": 33,
          "bleu": 0.3047780921210423
        },
        "en-es | (0.0-0.8641313217143293]": {
          "count": 29,
          "bleu": 0.4096725111732212
        },
        "en-de | (0.8641313217143293-0.9307763735422399]": {
          "count": 33,
          "bleu": 0.2823800430592652
        },
        "en-nl | (0.9307763735422399-0.9958426710938243]": {
          "count": 32,
          "bleu": 0.33254539072864836
        },
        "en-es | (0.9307763735422399-0.9958426710938243]": {
          "count": 31,
          "bleu": 0.48273685988395004
        },
        "en-de | (0.0-0.8641313217143293]": {
          "count": 28,
          "bleu": 0.2992728728787943
        },
        "en-zh | (0.0-0.8641313217143293]": {
          "count": 40,
          "bleu": 0.17232578603559914
        },