{
  "config": {
    "data": "data/subset.jsonl",
    "model_id": "TM",
    "device_map": "auto",
    "max_new_tokens": 256,
    "bins": "quantile_balanced",
    "eval_metrics": [
      "chrf"
    ]
  },
  "counts": {
    "rows": 60
  },
  "metrics": {
    "chrf": {
      "overall": {
        "count": 60,
        "mean": 64.10098421007591
      },
      "by_bin": {
        "(0-64]": {
          "count": 20,
          "mean": 61.61380822222109
        },
        "(64-91]": {
          "count": 20,
          "mean": 62.33388758153829
        },
        "(91-100]": {
          "count": 20,
          "mean": 68.35525682646833
        }
      },
      "by_langpair": {
        "en-ru": {
          "count": 60,
          "mean": 64.10098421007591
        }
      },
      "by_langpair_bin": {
        "en-ru | (0-64]": {
          "count": 20,
          "mean": 61.61380822222109
        },
        "en-ru | (64-91]": {
          "count": 20,
          "mean": 62.33388758153829
        },
        "en-ru | (91-100]": {
          "count": 20,
          "mean": 68.35525682646833
        }
      }
    }
  }
}