{
  "config": {
    "data": "data/balanced_100.jsonl",
    "model_id": "TM",
    "device_map": "auto",
    "max_new_tokens": 256,
    "bins": "quantile_balanced",
    "eval_metrics": [
      "chrf"
    ]
  },
  "counts": {
    "rows": 400
  },
  "metrics": {
    "chrf": {
      "overall": {
        "count": 400,
        "mean": 57.343824725565455
      },
      "by_bin": {
        "(0-82]": {
          "count": 120,
          "mean": 54.88668017456135
        },
        "(98-100]": {
          "count": 120,
          "mean": 66.30329085780782
        },
        "UNBINNED": {
          "count": 40,
          "mean": 49.95321231237947
        },
        "(82-98]": {
          "count": 120,
          "mean": 53.30504061538905
        }
      },
      "by_langpair": {
        "en-ru": {
          "count": 120,
          "mean": 63.206997884249404
        },
        "en-zh": {
          "count": 153,
          "mean": 39.25275017879826
        },
        "en-es": {
          "count": 127,
          "mean": 73.59857769102446
        }
      },
      "by_langpair_bin": {
        "en-ru | (0-82]": {
          "count": 59,
          "mean": 57.33962997508103
        },
        "en-zh | (98-100]": {
          "count": 31,
          "mean": 43.1389840227418
        },
        "en-zh | UNBINNED": {
          "count": 21,
          "mean": 34.91447384935433
        },
        "en-es | (82-98]": {
          "count": 32,
          "mean": 74.92229526604446
        },
        "en-ru | (98-100]": {
          "count": 30,
          "mean": 73.70432925516505
        },
        "en-zh | (0-82]": {
          "count": 35,
          "mean": 39.040283683345926
        },
        "en-es | (0-82]": {
          "count": 26,
          "mean": 70.65205859617207
        },
        "en-zh | (82-98]": {
          "count": 66,
          "mean": 38.920430195418064
        },
        "en-es | (98-100]": {
          "count": 59,
          "mean": 74.7111274674067
        },
        "en-ru | (82-98]": {
          "count": 22,
          "mean": 65.01559238343971
        },
        "en-es | UNBINNED": {
          "count": 10,
          "mean": 70.45958741692118
        },
        "en-ru | UNBINNED": {
          "count": 9,
          "mean": 62.2587408321695
        }
      }
    }
  }
}