{
  "config": {
    "data": "data/wmt24_filtered_5.jsonl",
    "model_id": "TM",
    "device_map": "auto",
    "max_new_tokens": 256,
    "bins": "quantile_balanced",
    "eval_metrics": [
      "chrf"
    ]
  },
  "counts": {
    "rows": 20
  },
  "metrics": {
    "chrf": {
      "overall": {
        "count": 20,
        "mean": 53.14069627237717
      },
      "by_bin": {
        "UNBINNED": {
          "count": 2,
          "mean": 33.477909818740386
        },
        "(0.09993314743041985-0.25673376023769373]": {
          "count": 6,
          "mean": 52.394910968899204
        },
        "(-2.841447114944458-0.09993314743041985]": {
          "count": 6,
          "mean": 60.47554408723544
        },
        "(0.25673376023769373-0.5294290781021118]": {
          "count": 6,
          "mean": 53.10589591220913
        }
      },
      "by_langpair": {
        "en-nl": {
          "count": 5,
          "mean": 51.83555557241302
        },
        "en-de": {
          "count": 5,
          "mean": 53.65031691146604
        },
        "en-zh": {
          "count": 5,
          "mean": 33.83652197584068
        },
        "en-es": {
          "count": 5,
          "mean": 73.24039062978895
        }
      },
      "by_langpair_bin": {
        "en-nl | UNBINNED": {
          "count": 1,
          "mean": 41.59971016937874
        },
        "en-de | (0.09993314743041985-0.25673376023769373]": {
          "count": 1,
          "mean": 46.92332863183989
        },
        "en-zh | (0.09993314743041985-0.25673376023769373]": {
          "count": 2,
          "mean": 27.686674710732895
        },
        "en-es | (-2.841447114944458-0.09993314743041985]": {
          "count": 1,
          "mean": 62.87267161869822
        },
        "en-nl | (-2.841447114944458-0.09993314743041985]": {
          "count": 2,
          "mean": 64.26878282563449
        },
        "en-de | (0.25673376023769373-0.5294290781021118]": {
          "count": 1,
          "mean": 49.88522867204486
        },
        "en-zh | (0.25673376023769373-0.5294290781021118]": {
          "count": 2,
          "mean": 44.226575494817794
        },
        "en-es | (0.25673376023769373-0.5294290781021118]": {
          "count": 2,
          "mean": 68.61569338594643
        },
        "en-de | (-2.841447114944458-0.09993314743041985]": {
          "count": 3,
          "mean": 57.14767575114848
        },
        "en-nl | (0.09993314743041985-0.25673376023769373]": {
          "count": 1,
          "mean": 45.974893001735914
        },
        "en-zh | UNBINNED": {
          "count": 1,
          "mean": 25.356109468102034
        },
        "en-es | (0.09993314743041985-0.25673376023769373]": {
          "count": 2,
          "mean": 83.04894737917681
        },
        "en-nl | (0.25673376023769373-0.5294290781021118]": {
          "count": 1,
          "mean": 43.065609039681455
        }
      }
    }
  }
}