{
  "config": {
    "data": "data/wmt24_filtered_100.jsonl",
    "model_id": "TM",
    "device_map": "auto",
    "max_new_tokens": 256,
    "bins": "quantile_balanced",
    "eval_metrics": [
      "chrf"
    ]
  },
  "counts": {
    "rows": 387
  },
  "metrics": {
    "chrf": {
      "overall": {
        "count": 387,
        "mean": 53.42653458588558
      },
      "by_bin": {
        "(-3.2733681201934814-0.05550444622834498]": {
          "count": 129,
          "mean": 50.205521308780234
        },
        "(0.331053038438161-0.6204646825790405]": {
          "count": 129,
          "mean": 56.311225199137766
        },
        "(0.05550444622834498-0.331053038438161]": {
          "count": 129,
          "mean": 53.762857249738666
        }
      },
      "by_langpair": {
        "en-zh": {
          "count": 99,
          "mean": 33.55076916920926
        },
        "en-de": {
          "count": 97,
          "mean": 58.1954589465283
        },
        "en-nl": {
          "count": 98,
          "mean": 59.56080643420622
        },
        "en-es": {
          "count": 93,
          "mean": 63.14649665183372
        }
      },
      "by_langpair_bin": {
        "en-zh | (-3.2733681201934814-0.05550444622834498]": {
          "count": 40,
          "mean": 33.33157559337763
        },
        "en-de | (-3.2733681201934814-0.05550444622834498]": {
          "count": 34,
          "mean": 56.994351349962834
        },
        "en-nl | (-3.2733681201934814-0.05550444622834498]": {
          "count": 30,
          "mean": 56.924644802442415
        },
        "en-zh | (0.331053038438161-0.6204646825790405]": {
          "count": 31,
          "mean": 33.37760044201114
        },
        "en-es | (-3.2733681201934814-0.05550444622834498]": {
          "count": 25,
          "mean": 59.90807740502144
        },
        "en-nl | (0.05550444622834498-0.331053038438161]": {
          "count": 38,
          "mean": 60.09722637204714
        },
        "en-de | (0.05550444622834498-0.331053038438161]": {
          "count": 33,
          "mean": 55.1130443878521
        },
        "en-es | (0.05550444622834498-0.331053038438161]": {
          "count": 30,
          "mean": 62.64753359883715
        },
        "en-de | (0.331053038438161-0.6204646825790405]": {
          "count": 30,
          "mean": 62.94737023717967
        },
        "en-es | (0.331053038438161-0.6204646825790405]": {
          "count": 38,
          "mean": 65.6709538297339
        },
        "en-zh | (0.05550444622834498-0.331053038438161]": {
          "count": 28,
          "mean": 34.05562536836663
        },
        "en-nl | (0.331053038438161-0.6204646825790405]": {
          "count": 30,
          "mean": 61.51750281137159
        }
      }
    }
  }
}