{
  "config": {
    "data": "data/wmt24_estimated_normalized.jsonl",
    "model_id": "TM",
    "device_map": "auto",
    "max_new_tokens": 256,
    "bins": "quantile_balanced",
    "eval_metrics": [
      "bleu",
      "chrf",
      "comet"
    ]
  },
  "counts": {
    "rows": 3840
  },
  "metrics": {
    "chrf": {
      "overall": {
        "count": 3840,
        "mean": 52.307348399298675
      },
      "by_bin": {
        "(0.8606018543530295-0.9288814077069186]": {
          "count": 1280,
          "mean": 52.50229888938266
        },
        "(0.9288814077069186-1.0]": {
          "count": 1280,
          "mean": 53.277270795384126
        },
        "(0.0-0.8606018543530295]": {
          "count": 1280,
          "mean": 51.142475513128794
        }
      },
      "by_langpair": {
        "en-de": {
          "count": 960,
          "mean": 56.42681943905406
        },
        "en-es": {
          "count": 960,
          "mean": 62.724932558638095
        },
        "en-nl": {
          "count": 960,
          "mean": 57.48542931849749
        },
        "en-zh": {
          "count": 960,
          "mean": 32.592212281004684
        }
      },
      "by_langpair_bin": {
        "en-de | (0.8606018543530295-0.9288814077069186]": {
          "count": 320,
          "mean": 54.912745529807374
        },
        "en-de | (0.9288814077069186-1.0]": {
          "count": 320,
          "mean": 58.5823351430691
        },
        "en-de | (0.0-0.8606018543530295]": {
          "count": 320,
          "mean": 55.78537764428542
        },
        "en-es | (0.8606018543530295-0.9288814077069186]": {
          "count": 320,
          "mean": 62.890405623800326
        },
        "en-es | (0.9288814077069186-1.0]": {
          "count": 320,
          "mean": 63.275457832247334
        },
        "en-es | (0.0-0.8606018543530295]": {
          "count": 320,
          "mean": 62.008934219866546
        },
        "en-nl | (0.8606018543530295-0.9288814077069186]": {
          "count": 320,
          "mean": 57.92581861380761
        },
        "en-nl | (0.9288814077069186-1.0]": {
          "count": 320,
          "mean": 58.21978617892429
        },
        "en-nl | (0.0-0.8606018543530295]": {
          "count": 320,
          "mean": 56.31068316276095
        },
        "en-zh | (0.8606018543530295-0.9288814077069186]": {
          "count": 320,
          "mean": 34.28022579011541
        },
        "en-zh | (0.9288814077069186-1.0]": {
          "count": 320,
          "mean": 33.03150402729601
        },
        "en-zh | (0.0-0.8606018543530295]": {
          "count": 320,
          "mean": 30.464907025602628
        }
      }
    },
    "comet": {
      "overall": {
        "count": 3840,
        "mean": 0.8252903239801526,
        "system_score": 0.8252903239801526
      },
      "by_bin": {
        "(0.8606018543530295-0.9288814077069186]": {
          "count": 1280,
          "mean": 0.8263954885303975
        },
        "(0.9288814077069186-1.0]": {
          "count": 1280,
          "mean": 0.863940080977045
        },
        "(0.0-0.8606018543530295]": {
          "count": 1280,
          "mean": 0.7855354024330155
        }
      },
      "by_langpair": {
        "en-de": {
          "count": 960,
          "mean": 0.8123938729365666
        },
        "en-es": {
          "count": 960,
          "mean": 0.8228674883643786
        },
        "en-nl": {
          "count": 960,
          "mean": 0.8411714855581522
        },
        "en-zh": {
          "count": 960,
          "mean": 0.824728449061513
        }
      },
      "by_langpair_bin": {
        "en-de | (0.8606018543530295-0.9288814077069186]": {
          "count": 320,
          "mean": 0.810864617023617
        },
        "en-de | (0.9288814077069186-1.0]": {
          "count": 320,
          "mean": 0.859419862087816
        },
        "en-de | (0.0-0.8606018543530295]": {
          "count": 320,
          "mean": 0.766897139698267
        },
        "en-es | (0.8606018543530295-0.9288814077069186]": {
          "count": 320,
          "mean": 0.8230562060140073
        },
        "en-es | (0.9288814077069186-1.0]": {
          "count": 320,
          "mean": 0.8655812646262347
        },
        "en-es | (0.0-0.8606018543530295]": {
          "count": 320,
          "mean": 0.7799649944528937
        },
        "en-nl | (0.8606018543530295-0.9288814077069186]": {
          "count": 320,
          "mean": 0.8473745217546821
        },
        "en-nl | (0.9288814077069186-1.0]": {
          "count": 320,
          "mean": 0.8801941956393421
        },
        "en-nl | (0.0-0.8606018543530295]": {
          "count": 320,
          "mean": 0.7959457392804324
        },
        "en-zh | (0.8606018543530295-0.9288814077069186]": {
          "count": 320,
          "mean": 0.8242866093292832
        },
        "en-zh | (0.9288814077069186-1.0]": {
          "count": 320,
          "mean": 0.8505650015547872
        },
        "en-zh | (0.0-0.8606018543530295]": {
          "count": 320,
          "mean": 0.7993337363004684
        }
      }
    },
    "bleu": {
      "overall": {
        "count": 3840,
        "bleu": 0.34747167459748773
      },
      "by_bin": {
        "(0.8606018543530295-0.9288814077069186]": {
          "count": 1280,
          "bleu": 0.3600816037794207
        },
        "(0.9288814077069186-1.0]": {
          "count": 1280,
          "bleu": 0.3747139015213403
        },
        "(0.0-0.8606018543530295]": {
          "count": 1280,
          "bleu": 0.3334803496150259
        }
      },
      "by_langpair": {
        "en-de": {
          "count": 960,
          "bleu": 0.2966538778771626
        },
        "en-es": {
          "count": 960,
          "bleu": 0.4197837540664702
        },
        "en-nl": {
          "count": 960,
          "bleu": 0.3257829396237974
        },
        "en-zh": {
          "count": 960,
          "bleu": 0.1527375495133027
        }
      },
      "by_langpair_bin": {
        "en-de | (0.8606018543530295-0.9288814077069186]": {
          "count": 320,
          "bleu": 0.3020989144108107
        },
        "en-de | (0.9288814077069186-1.0]": {
          "count": 320,
          "bleu": 0.3161067007151625
        },
        "en-de | (0.0-0.8606018543530295]": {
          "count": 320,
          "bleu": 0.28846222447662784
        },
        "en-es | (0.8606018543530295-0.9288814077069186]": {
          "count": 320,
          "bleu": 0.44274317365628174
        },
        "en-es | (0.9288814077069186-1.0]": {
          "count": 320,
          "bleu": 0.4631692202367574
        },
        "en-es | (0.0-0.8606018543530295]": {
          "count": 320,
          "bleu": 0.39629160928439733
        },
        "en-nl | (0.8606018543530295-0.9288814077069186]": {
          "count": 320,
          "bleu": 0.33311576292210365
        },
        "en-nl | (0.9288814077069186-1.0]": {
          "count": 320,
          "bleu": 0.3481090762234864
        },
        "en-nl | (0.0-0.8606018543530295]": {
          "count": 320,
          "bleu": 0.3164322685658675
        },
        "en-zh | (0.8606018543530295-0.9288814077069186]": {
          "count": 320,
          "bleu": 0.19049884488403862
        },
        "en-zh | (0.9288814077069186-1.0]": {
          "count": 320,
          "bleu": 0.13278592248515092
        },
        "en-zh | (0.0-0.8606018543530295]": {
          "count": 320,
          "bleu": 0.13268712811077107
        }
      }
    }
  }
}