{
  "config": {
    "data": "data/wmt24_estimated_normalized.jsonl",
    "model_id": "G3_4bit",
    "device_map": "auto",
    "max_new_tokens": 256,
    "bins": "interval",
    "eval_metrics": [
      "chrf",
      "comet"
    ]
  },
  "counts": {
    "rows": 3840
  },
  "metrics": {
    "chrf": {
      "overall": {
        "count": 3840,
        "mean": 49.19280296389573
      },
      "by_bin": {
        "(0.861 - 0.929]": {
          "count": 1280,
          "mean": 49.688980750347504
        },
        "(0.929 - 1.0]": {
          "count": 1280,
          "mean": 48.96476086700211
        },
        "(0.0 - 0.861]": {
          "count": 1280,
          "mean": 48.92466727433755
        }
      },
      "by_langpair": {
        "en-de": {
          "count": 960,
          "mean": 52.87862669411031
        },
        "en-es": {
          "count": 960,
          "mean": 60.631626043489376
        },
        "en-nl": {
          "count": 960,
          "mean": 53.44562029459125
        },
        "en-zh": {
          "count": 960,
          "mean": 29.81533882339191
        }
      },
      "by_langpair_bin": {
        "en-de | (0.861 - 0.929]": {
          "count": 320,
          "mean": 52.93711794850208
        },
        "en-de | (0.929 - 1.0]": {
          "count": 320,
          "mean": 52.71506170660176
        },
        "en-de | (0.0 - 0.861]": {
          "count": 320,
          "mean": 52.98370042722697
        },
        "en-es | (0.861 - 0.929]": {
          "count": 320,
          "mean": 61.069719896828495
        },
        "en-es | (0.929 - 1.0]": {
          "count": 320,
          "mean": 60.05211486062781
        },
        "en-es | (0.0 - 0.861]": {
          "count": 320,
          "mean": 60.773043373012136
        },
        "en-nl | (0.861 - 0.929]": {
          "count": 320,
          "mean": 53.893222515796936
        },
        "en-nl | (0.929 - 1.0]": {
          "count": 320,
          "mean": 52.80271232078991
        },
        "en-nl | (0.0 - 0.861]": {
          "count": 320,
          "mean": 53.64092604718693
        },
        "en-zh | (0.861 - 0.929]": {
          "count": 320,
          "mean": 30.855862640262682
        },
        "en-zh | (0.929 - 1.0]": {
          "count": 320,
          "mean": 30.28915457998882
        },
        "en-zh | (0.0 - 0.861]": {
          "count": 320,
          "mean": 28.300999249924285
        }
      }
    },
    "comet": {
      "overall": {
        "count": 3840,
        "mean": 0.8055208001829063,
        "system_score": 0.8055208001829063
      },
      "by_bin": {
        "(0.861 - 0.929]": {
          "count": 1280,
          "mean": 0.8070927291875705
        },
        "(0.929 - 1.0]": {
          "count": 1280,
          "mean": 0.8438817522022873
        },
        "(0.0 - 0.861]": {
          "count": 1280,
          "mean": 0.765587919158861
        }
      },
      "by_langpair": {
        "en-de": {
          "count": 960,
          "mean": 0.7895222338537375
        },
        "en-es": {
          "count": 960,
          "mean": 0.8130263319239021
        },
        "en-nl": {
          "count": 960,
          "mean": 0.8078223365048568
        },
        "en-zh": {
          "count": 960,
          "mean": 0.8117122984491288
        }
      },
      "by_langpair_bin": {
        "en-de | (0.861 - 0.929]": {
          "count": 320,
          "mean": 0.7889909165911376
        },
        "en-de | (0.929 - 1.0]": {
          "count": 320,
          "mean": 0.8336763178929687
        },
        "en-de | (0.0 - 0.861]": {
          "count": 320,
          "mean": 0.7458994670771062
        },
        "en-es | (0.861 - 0.929]": {
          "count": 320,
          "mean": 0.8170336603187025
        },
        "en-es | (0.929 - 1.0]": {
          "count": 320,
          "mean": 0.8532439194619655
        },
        "en-es | (0.0 - 0.861]": {
          "count": 320,
          "mean": 0.7688014159910381
        },
        "en-nl | (0.861 - 0.929]": {
          "count": 320,
          "mean": 0.8072443666867912
        },
        "en-nl | (0.929 - 1.0]": {
          "count": 320,
          "mean": 0.850203650444746
        },
        "en-nl | (0.0 - 0.861]": {
          "count": 320,
          "mean": 0.7660189923830331
        },
        "en-zh | (0.861 - 0.929]": {
          "count": 320,
          "mean": 0.8151019731536507
        },
        "en-zh | (0.929 - 1.0]": {
          "count": 320,
          "mean": 0.838403121009469
        },
        "en-zh | (0.0 - 0.861]": {
          "count": 320,
          "mean": 0.7816318011842668
        }
      }
    }
  }
}