{
  "config": {
    "data": "data/wmt24_estimated_normalized.jsonl",
    "model_id": "G3_2bit",
    "device_map": "auto",
    "max_new_tokens": 256,
    "bins": "interval",
    "eval_metrics": [
      "chrf",
      "comet"
    ]
  },
  "counts": {
    "rows": 3840
  },
  "metrics": {
    "chrf": {
      "overall": {
        "count": 3840,
        "mean": 40.49773092985377
      },
      "by_bin": {
        "(0.861 - 0.929]": {
          "count": 1280,
          "mean": 40.47575430792645
        },
        "(0.929 - 1.0]": {
          "count": 1280,
          "mean": 40.95141851125637
        },
        "(0.0 - 0.861]": {
          "count": 1280,
          "mean": 40.06601997037861
        }
      },
      "by_langpair": {
        "en-de": {
          "count": 960,
          "mean": 45.18988551163439
        },
        "en-es": {
          "count": 960,
          "mean": 51.958956451292934
        },
        "en-nl": {
          "count": 960,
          "mean": 44.701150848181314
        },
        "en-zh": {
          "count": 960,
          "mean": 20.140930908306597
        }
      },
      "by_langpair_bin": {
        "en-de | (0.861 - 0.929]": {
          "count": 320,
          "mean": 44.54394760740376
        },
        "en-de | (0.929 - 1.0]": {
          "count": 320,
          "mean": 46.39159187090276
        },
        "en-de | (0.0 - 0.861]": {
          "count": 320,
          "mean": 44.63411705659666
        },
        "en-es | (0.861 - 0.929]": {
          "count": 320,
          "mean": 51.673868359055504
        },
        "en-es | (0.929 - 1.0]": {
          "count": 320,
          "mean": 52.385746188397206
        },
        "en-es | (0.0 - 0.861]": {
          "count": 320,
          "mean": 51.81725480642608
        },
        "en-nl | (0.861 - 0.929]": {
          "count": 320,
          "mean": 44.37921253198416
        },
        "en-nl | (0.929 - 1.0]": {
          "count": 320,
          "mean": 44.98703184840501
        },
        "en-nl | (0.0 - 0.861]": {
          "count": 320,
          "mean": 44.73720816415471
        },
        "en-zh | (0.861 - 0.929]": {
          "count": 320,
          "mean": 21.305988733262474
        },
        "en-zh | (0.929 - 1.0]": {
          "count": 320,
          "mean": 20.041304137320267
        },
        "en-zh | (0.0 - 0.861]": {
          "count": 320,
          "mean": 19.07549985433704
        }
      }
    },
    "comet": {
      "overall": {
        "count": 3840,
        "mean": 0.6741616962477565,
        "system_score": 0.6741616962477565
      },
      "by_bin": {
        "(0.861 - 0.929]": {
          "count": 1280,
          "mean": 0.6686811375664548
        },
        "(0.929 - 1.0]": {
          "count": 1280,
          "mean": 0.7468513223342598
        },
        "(0.0 - 0.861]": {
          "count": 1280,
          "mean": 0.606952628842555
        }
      },
      "by_langpair": {
        "en-de": {
          "count": 960,
          "mean": 0.6294109974056482
        },
        "en-es": {
          "count": 960,
          "mean": 0.7196812151776005
        },
        "en-nl": {
          "count": 960,
          "mean": 0.6576379966456443
        },
        "en-zh": {
          "count": 960,
          "mean": 0.6899165757621328
        }
      },
      "by_langpair_bin": {
        "en-de | (0.861 - 0.929]": {
          "count": 320,
          "mean": 0.6162332130596042
        },
        "en-de | (0.929 - 1.0]": {
          "count": 320,
          "mean": 0.7201035807840526
        },
        "en-de | (0.0 - 0.861]": {
          "count": 320,
          "mean": 0.551896198373288
        },
        "en-es | (0.861 - 0.929]": {
          "count": 320,
          "mean": 0.7155106713995337
        },
        "en-es | (0.929 - 1.0]": {
          "count": 320,
          "mean": 0.7876444827299565
        },
        "en-es | (0.0 - 0.861]": {
          "count": 320,
          "mean": 0.6558884914033115
        },
        "en-nl | (0.861 - 0.929]": {
          "count": 320,
          "mean": 0.6452251999638975
        },
        "en-nl | (0.929 - 1.0]": {
          "count": 320,
          "mean": 0.7483884357847274
        },
        "en-nl | (0.0 - 0.861]": {
          "count": 320,
          "mean": 0.5793003541883082
        },
        "en-zh | (0.861 - 0.929]": {
          "count": 320,
          "mean": 0.6977554658427835
        },
        "en-zh | (0.929 - 1.0]": {
          "count": 320,
          "mean": 0.7312687900383026
        },
        "en-zh | (0.0 - 0.861]": {
          "count": 320,
          "mean": 0.6407254714053124
        }
      }
    }
  }
}