{
  "config": {
    "data": "data/wmt24_filtered_5.jsonl",
    "model_id": "G3_2bit",
    "device_map": "auto",
    "max_new_tokens": 256,
    "bins": "interval",
    "eval_metrics": [
      "chrf"
    ]
  },
  "counts": {
    "rows": 20
  },
  "metrics": {
    "chrf": {
      "overall": {
        "count": 20,
        "mean": 30.280609986532607
      },
      "by_bin": {
        "(0.9146337590002647-0.978634295645502]": {
          "count": 7,
          "mean": 19.409966287459913
        },
        "(0.8778332614905968-0.9146337590002647]": {
          "count": 6,
          "mean": 29.22677952766355
        },
        "(0.1875026876327152-0.8778332614905968]": {
          "count": 7,
          "mean": 42.0545369360645
        }
      },
      "by_langpair": {
        "en-de": {
          "count": 5,
          "mean": 34.890973370651594
        },
        "en-nl": {
          "count": 5,
          "mean": 36.242185103664745
        },
        "en-es": {
          "count": 5,
          "mean": 31.913971177400263
        },
        "en-zh": {
          "count": 5,
          "mean": 18.075310294413836
        }
      },
      "by_langpair_bin": {
        "en-de | (0.9146337590002647-0.978634295645502]": {
          "count": 2,
          "mean": 15.551875285611308
        },
        "en-nl | (0.8778332614905968-0.9146337590002647]": {
          "count": 1,
          "mean": 13.11815010733155
        },
        "en-es | (0.8778332614905968-0.9146337590002647]": {
          "count": 2,
          "mean": 38.729181198013976
        },
        "en-zh | (0.1875026876327152-0.8778332614905968]": {
          "count": 1,
          "mean": 24.92415919980018
        },
        "en-de | (0.1875026876327152-0.8778332614905968]": {
          "count": 2,
          "mean": 53.715501531978845
        },
        "en-nl | (0.9146337590002647-0.978634295645502]": {
          "count": 1,
          "mean": 30.184162600076448
        },
        "en-es | (0.9146337590002647-0.978634295645502]": {
          "count": 2,
          "mean": 28.99675500659773
        },
        "en-zh | (0.9146337590002647-0.978634295645502]": {
          "count": 2,
          "mean": 8.294170413862439
        },
        "en-nl | (0.1875026876327152-0.8778332614905968]": {
          "count": 3,
          "mean": 45.96953760363858
        },
        "en-de | (0.8778332614905968-0.9146337590002647]": {
          "count": 1,
          "mean": 35.92011321807765
        },
        "en-es | (0.1875026876327152-0.8778332614905968]": {
          "count": 1,
          "mean": 24.117983477777898
        },
        "en-zh | (0.8778332614905968-0.9146337590002647]": {
          "count": 2,
          "mean": 24.43202572227206
        }
      }
    }
  }
}