{
  "config": {
    "data": "data/wmt24_estimated_normalized.jsonl",
    "model_id": "TM_4bit",
    "device_map": "auto",
    "max_new_tokens": 256,
    "bins": "quantile_balanced",
    "eval_metrics": [
      "bleu",
      "chrf",
      "comet"
    ]
  },
  "counts": {
    "rows": 3840
  },
  "metrics": {
    "chrf": {
      "overall": {
        "count": 3840,
        "mean": 45.648264788973975
      },
      "by_bin": {
        "(0.8606018543530295-0.9288814077069186]": {
          "count": 1280,
          "mean": 46.24575401732208
        },
        "(0.9288814077069186-1.0]": {
          "count": 1280,
          "mean": 42.86691795051346
        },
        "(0.0-0.8606018543530295]": {
          "count": 1280,
          "mean": 47.83212239908628
        }
      },
      "by_langpair": {
        "en-de": {
          "count": 960,
          "mean": 49.49048477027454
        },
        "en-es": {
          "count": 960,
          "mean": 55.840029043037134
        },
        "en-nl": {
          "count": 960,
          "mean": 52.365404230516425
        },
        "en-zh": {
          "count": 960,
          "mean": 24.89714111206779
        }
      },
      "by_langpair_bin": {
        "en-de | (0.8606018543530295-0.9288814077069186]": {
          "count": 320,
          "mean": 49.36420540893196
        },
        "en-de | (0.9288814077069186-1.0]": {
          "count": 320,
          "mean": 47.1607669872145
        },
        "en-de | (0.0-0.8606018543530295]": {
          "count": 320,
          "mean": 51.94648191467719
        },
        "en-es | (0.8606018543530295-0.9288814077069186]": {
          "count": 320,
          "mean": 56.74799627378242
        },
        "en-es | (0.9288814077069186-1.0]": {
          "count": 320,
          "mean": 52.38967845534129
        },
        "en-es | (0.0-0.8606018543530295]": {
          "count": 320,
          "mean": 58.38241239998771
        },
        "en-nl | (0.8606018543530295-0.9288814077069186]": {
          "count": 320,
          "mean": 52.71641655328036
        },
        "en-nl | (0.9288814077069186-1.0]": {
          "count": 320,
          "mean": 50.84845772437272
        },
        "en-nl | (0.0-0.8606018543530295]": {
          "count": 320,
          "mean": 53.53133841389614
        },
        "en-zh | (0.8606018543530295-0.9288814077069186]": {
          "count": 320,
          "mean": 26.154397833293626
        },
        "en-zh | (0.9288814077069186-1.0]": {
          "count": 320,
          "mean": 21.068768635125583
        },
        "en-zh | (0.0-0.8606018543530295]": {
          "count": 320,
          "mean": 27.468256867784056
        }
      }
    },
    "comet": {
      "overall": {
        "count": 3840,
        "mean": 0.7470021437349108,
        "system_score": 0.7470021437349108
      },
      "by_bin": {
        "(0.8606018543530295-0.9288814077069186]": {
          "count": 1280,
          "mean": 0.7496663460158743
        },
        "(0.9288814077069186-1.0]": {
          "count": 1280,
          "mean": 0.7466507781413384
        },
        "(0.0-0.8606018543530295]": {
          "count": 1280,
          "mean": 0.7446893070475198
        }
      },
      "by_langpair": {
        "en-de": {
          "count": 960,
          "mean": 0.7350424552957217
        },
        "en-es": {
          "count": 960,
          "mean": 0.7554761852603405
        },
        "en-nl": {
          "count": 960,
          "mean": 0.7811738929711283
        },
        "en-zh": {
          "count": 960,
          "mean": 0.7163160414124529
        }
      },
      "by_langpair_bin": {
        "en-de | (0.8606018543530295-0.9288814077069186]": {
          "count": 320,
          "mean": 0.7337538605555892
        },
        "en-de | (0.9288814077069186-1.0]": {
          "count": 320,
          "mean": 0.7464391462970525
        },
        "en-de | (0.0-0.8606018543530295]": {
          "count": 320,
          "mean": 0.7249343590345234
        },
        "en-es | (0.8606018543530295-0.9288814077069186]": {
          "count": 320,
          "mean": 0.7625915870536119
        },
        "en-es | (0.9288814077069186-1.0]": {
          "count": 320,
          "mean": 0.7635737536475062
        },
        "en-es | (0.0-0.8606018543530295]": {
          "count": 320,
          "mean": 0.7402632150799036
        },
        "en-nl | (0.8606018543530295-0.9288814077069186]": {
          "count": 320,
          "mean": 0.7860819135792554
        },
        "en-nl | (0.9288814077069186-1.0]": {
          "count": 320,
          "mean": 0.7930705018341542
        },
        "en-nl | (0.0-0.8606018543530295]": {
          "count": 320,
          "mean": 0.7643692634999752
        },
        "en-zh | (0.8606018543530295-0.9288814077069186]": {
          "count": 320,
          "mean": 0.7162380228750408
        },
        "en-zh | (0.9288814077069186-1.0]": {
          "count": 320,
          "mean": 0.6835197107866406
        },
        "en-zh | (0.0-0.8606018543530295]": {
          "count": 320,
          "mean": 0.7491903905756772
        }
      }
    },
    "bleu": {
      "overall": {
        "count": 3840,
        "bleu": 0.2353849356016053
      },
      "by_bin": {
        "(0.8606018543530295-0.9288814077069186]": {
          "count": 1280,
          "bleu": 0.2377887947038757
        },
        "(0.9288814077069186-1.0]": {
          "count": 1280,
          "bleu": 0.1282746664725092
        },
        "(0.0-0.8606018543530295]": {
          "count": 1280,
          "bleu": 0.30178710877159315
        }
      },
      "by_langpair": {
        "en-de": {
          "count": 960,
          "bleu": 0.21869273565641165
        },
        "en-es": {
          "count": 960,
          "bleu": 0.2949774119898982
        },
        "en-nl": {
          "count": 960,
          "bleu": 0.25991397973929037
        },
        "en-zh": {
          "count": 960,
          "bleu": 0.013947298666438766
        }
      },
      "by_langpair_bin": {
        "en-de | (0.8606018543530295-0.9288814077069186]": {
          "count": 320,
          "bleu": 0.22242914882719161
        },
        "en-de | (0.9288814077069186-1.0]": {
          "count": 320,
          "bleu": 0.1292558998476433
        },
        "en-de | (0.0-0.8606018543530295]": {
          "count": 320,
          "bleu": 0.2604183374016732
        },
        "en-es | (0.8606018543530295-0.9288814077069186]": {
          "count": 320,
          "bleu": 0.30464281620398115
        },
        "en-es | (0.9288814077069186-1.0]": {
          "count": 320,
          "bleu": 0.17209989389301097
        },
        "en-es | (0.0-0.8606018543530295]": {
          "count": 320,
          "bleu": 0.3601880479298404
        },
        "en-nl | (0.8606018543530295-0.9288814077069186]": {
          "count": 320,
          "bleu": 0.26173033188904016
        },
        "en-nl | (0.9288814077069186-1.0]": {
          "count": 320,
          "bleu": 0.16443419392737488
        },
        "en-nl | (0.0-0.8606018543530295]": {
          "count": 320,
          "bleu": 0.30127652295815904
        },
        "en-zh | (0.8606018543530295-0.9288814077069186]": {
          "count": 320,
          "bleu": 0.013220860246021184
        },
        "en-zh | (0.9288814077069186-1.0]": {
          "count": 320,
          "bleu": 0.0031475043399927837
        },
        "en-zh | (0.0-0.8606018543530295]": {
          "count": 320,
          "bleu": 0.04806353003553306
        }
      }
    }
  }
}