{
  "config": {
    "data": "data/wmt24_estimated_normalized.jsonl",
    "model_id": "TM_4bit",
    "device_map": "auto",
    "max_new_tokens": 256,
    "bins": "quantile_balanced",
    "eval_metrics": [
      "bleu",
      "chrf",
      "comet"
    ]
  },
  "counts": {
    "rows": 3840
  },
  "metrics": {
    "chrf": {
      "overall": {
        "count": 3840,
        "mean": 51.74124844673708
      },
      "by_bin": {
        "(0.8606018543530295-0.9288814077069186]": {
          "count": 1280,
          "mean": 52.12137963927155
        },
        "(0.9288814077069186-1.0]": {
          "count": 1280,
          "mean": 52.14392690157824
        },
        "(0.0-0.8606018543530295]": {
          "count": 1280,
          "mean": 50.95843879936193
        }
      },
      "by_langpair": {
        "en-de": {
          "count": 960,
          "mean": 55.98353768380457
        },
        "en-es": {
          "count": 960,
          "mean": 61.71655807732568
        },
        "en-nl": {
          "count": 960,
          "mean": 57.12049888757581
        },
        "en-zh": {
          "count": 960,
          "mean": 32.14439913824264
        }
      },
      "by_langpair_bin": {
        "en-de | (0.8606018543530295-0.9288814077069186]": {
          "count": 320,
          "mean": 55.24391859320239
        },
        "en-de | (0.9288814077069186-1.0]": {
          "count": 320,
          "mean": 56.87250430956374
        },
        "en-de | (0.0-0.8606018543530295]": {
          "count": 320,
          "mean": 55.83419014864751
        },
        "en-es | (0.8606018543530295-0.9288814077069186]": {
          "count": 320,
          "mean": 62.2349007465519
        },
        "en-es | (0.9288814077069186-1.0]": {
          "count": 320,
          "mean": 61.67413426778096
        },
        "en-es | (0.0-0.8606018543530295]": {
          "count": 320,
          "mean": 61.24063921764416
        },
        "en-nl | (0.8606018543530295-0.9288814077069186]": {
          "count": 320,
          "mean": 57.41088146599915
        },
        "en-nl | (0.9288814077069186-1.0]": {
          "count": 320,
          "mean": 57.54705465994941
        },
        "en-nl | (0.0-0.8606018543530295]": {
          "count": 320,
          "mean": 56.40356053677883
        },
        "en-zh | (0.8606018543530295-0.9288814077069186]": {
          "count": 320,
          "mean": 33.595817751332014
        },
        "en-zh | (0.9288814077069186-1.0]": {
          "count": 320,
          "mean": 32.48201436901899
        },
        "en-zh | (0.0-0.8606018543530295]": {
          "count": 320,
          "mean": 30.35536529437699
        }
      }
    },
    "comet": {
      "overall": {
        "count": 3840,
        "mean": 0.8220255770099659,
        "system_score": 0.8220255770099659
      },
      "by_bin": {
        "(0.8606018543530295-0.9288814077069186]": {
          "count": 1280,
          "mean": 0.8234969541896134
        },
        "(0.9288814077069186-1.0]": {
          "count": 1280,
          "mean": 0.8579380938084796
        },
        "(0.0-0.8606018543530295]": {
          "count": 1280,
          "mean": 0.7846416830318048
        }
      },
      "by_langpair": {
        "en-de": {
          "count": 960,
          "mean": 0.8105205541166166
        },
        "en-es": {
          "count": 960,
          "mean": 0.8200071567048629
        },
        "en-nl": {
          "count": 960,
          "mean": 0.8373002564844986
        },
        "en-zh": {
          "count": 960,
          "mean": 0.8202743407338857
        }
      },
      "by_langpair_bin": {
        "en-de | (0.8606018543530295-0.9288814077069186]": {
          "count": 320,
          "mean": 0.8096033333800733
        },
        "en-de | (0.9288814077069186-1.0]": {
          "count": 320,
          "mean": 0.8550776316784322
        },
        "en-de | (0.0-0.8606018543530295]": {
          "count": 320,
          "mean": 0.7668806972913444
        },
        "en-es | (0.8606018543530295-0.9288814077069186]": {
          "count": 320,
          "mean": 0.8204431742429733
        },
        "en-es | (0.9288814077069186-1.0]": {
          "count": 320,
          "mean": 0.8609744339250028
        },
        "en-es | (0.0-0.8606018543530295]": {
          "count": 320,
          "mean": 0.7786038619466126
        },
        "en-nl | (0.8606018543530295-0.9288814077069186]": {
          "count": 320,
          "mean": 0.843325253855437
        },
        "en-nl | (0.9288814077069186-1.0]": {
          "count": 320,
          "mean": 0.8723186999559402
        },
        "en-nl | (0.0-0.8606018543530295]": {
          "count": 320,
          "mean": 0.7962568156421185
        },
        "en-zh | (0.8606018543530295-0.9288814077069186]": {
          "count": 320,
          "mean": 0.8206160552799702
        },
        "en-zh | (0.9288814077069186-1.0]": {
          "count": 320,
          "mean": 0.8433816096745431
        },
        "en-zh | (0.0-0.8606018543530295]": {
          "count": 320,
          "mean": 0.796825357247144
        }
      }
    },
    "bleu": {
      "overall": {
        "count": 3840,
        "bleu": 0.34497050995899603
      },
      "by_bin": {
        "(0.8606018543530295-0.9288814077069186]": {
          "count": 1280,
          "bleu": 0.35964691876480015
        },
        "(0.9288814077069186-1.0]": {
          "count": 1280,
          "bleu": 0.36388934097686154
        },
        "(0.0-0.8606018543530295]": {
          "count": 1280,
          "bleu": 0.3302100471556721
        }
      },
      "by_langpair": {
        "en-de": {
          "count": 960,
          "bleu": 0.2967292452123149
        },
        "en-es": {
          "count": 960,
          "bleu": 0.4107440833667419
        },
        "en-nl": {
          "count": 960,
          "bleu": 0.3274284900582108
        },
        "en-zh": {
          "count": 960,
          "bleu": 0.1458579513088231
        }
      },
      "by_langpair_bin": {
        "en-de | (0.8606018543530295-0.9288814077069186]": {
          "count": 320,
          "bleu": 0.30751194365709955
        },
        "en-de | (0.9288814077069186-1.0]": {
          "count": 320,
          "bleu": 0.30878871576668177
        },
        "en-de | (0.0-0.8606018543530295]": {
          "count": 320,
          "bleu": 0.2866284150428703
        },
        "en-es | (0.8606018543530295-0.9288814077069186]": {
          "count": 320,
          "bleu": 0.4336545024967192
        },
        "en-es | (0.9288814077069186-1.0]": {
          "count": 320,
          "bleu": 0.4330097324213772
        },
        "en-es | (0.0-0.8606018543530295]": {
          "count": 320,
          "bleu": 0.38740184410706646
        },
        "en-nl | (0.8606018543530295-0.9288814077069186]": {
          "count": 320,
          "bleu": 0.33654909157333196
        },
        "en-nl | (0.9288814077069186-1.0]": {
          "count": 320,
          "bleu": 0.34903731091163
        },
        "en-nl | (0.0-0.8606018543530295]": {
          "count": 320,
          "bleu": 0.3173048384784649
        },
        "en-zh | (0.8606018543530295-0.9288814077069186]": {
          "count": 320,
          "bleu": 0.16473849659689788
        },
        "en-zh | (0.9288814077069186-1.0]": {
          "count": 320,
          "bleu": 0.13925413799558173
        },
        "en-zh | (0.0-0.8606018543530295]": {
          "count": 320,
          "bleu": 0.13373805088561627
        }
      }
    }
  }
}