{
  "config": {
    "data": "data/balanced_100.jsonl",
    "model_id": "TM_4bit",
    "device_map": "auto",
    "max_new_tokens": 256,
    "bins": "quantile_balanced",
    "eval_metrics": [
      "chrf"
    ]
  },
  "counts": {
    "rows": 400
  },
  "metrics": {
    "chrf": {
      "overall": {
        "count": 400,
        "mean": 49.36854016174315
      },
      "by_bin": {
        "(0-82]": {
          "count": 120,
          "mean": 49.19600458479588
        },
        "(98-100]": {
          "count": 120,
          "mean": 54.00377824398656
        },
        "UNBINNED": {
          "count": 40,
          "mean": 42.790893714350396
        },
        "(82-98]": {
          "count": 120,
          "mean": 47.09838647224464
        }
      },
      "by_langpair": {
        "en-ru": {
          "count": 120,
          "mean": 58.31180418495506
        },
        "en-zh": {
          "count": 153,
          "mean": 29.876100580363712
        },
        "en-es": {
          "count": 127,
          "mean": 64.40122971422846
        }
      },
      "by_langpair_bin": {
        "en-ru | (0-82]": {
          "count": 59,
          "mean": 56.2921654639409
        },
        "en-zh | (98-100]": {
          "count": 31,
          "mean": 27.859631518737846
        },
        "en-zh | UNBINNED": {
          "count": 21,
          "mean": 26.67760555549551
        },
        "en-es | (82-98]": {
          "count": 32,
          "mean": 68.51708142719627
        },
        "en-ru | (98-100]": {
          "count": 30,
          "mean": 62.21877862454607
        },
        "en-zh | (0-82]": {
          "count": 35,
          "mean": 27.406586280471657
        },
        "en-es | (0-82]": {
          "count": 26,
          "mean": 62.42508723024941
        },
        "en-zh | (82-98]": {
          "count": 66,
          "mean": 33.15052386716454
        },
        "en-es | (98-100]": {
          "count": 59,
          "mean": 63.563414465442946
        },
        "en-ru | (82-98]": {
          "count": 22,
          "mean": 57.787508898464466
        },
        "en-es | UNBINNED": {
          "count": 10,
          "mean": 61.311584658911706
        },
        "en-ru | UNBINNED": {
          "count": 9,
          "mean": 59.81002059105473
        }
      }
    }
  }
}