{
  "config": {
    "data": "data/wmt24_filtered_100.jsonl",
    "model_id": "TM_4bit",
    "device_map": "auto",
    "max_new_tokens": 256,
    "bins": "quantile_balanced",
    "eval_metrics": [
      "bleu",
      "chrf",
      "comet"
    ]
  },
  "counts": {
    "rows": 386
  },
  "metrics": {
    "chrf": {
      "overall": {
        "count": 386,
        "mean": 45.829160720852485
      },
      "by_bin": {
        "(0.9307763735422399-0.9958426710938243]": {
          "count": 128,
          "mean": 44.66052756325437
        },
        "(0.8641313217143293-0.9307763735422399]": {
          "count": 128,
          "mean": 47.8649016103404
        },
        "(0.0-0.8641313217143293]": {
          "count": 128,
          "mean": 44.7370254560209
        },
        "UNBINNED": {
          "count": 2,
          "mean": 60.23092282912185
        }
      },
      "by_langpair": {
        "en-de": {
          "count": 99,
          "mean": 49.13193755917424
        },
        "en-zh": {
          "count": 96,
          "mean": 23.479653743413383
        },
        "en-nl": {
          "count": 96,
          "mean": 52.42002825980176
        },
        "en-es": {
          "count": 95,
          "mean": 58.311839448233066
        }
      },
      "by_langpair_bin": {
        "en-de | (0.9307763735422399-0.9958426710938243]": {
          "count": 37,
          "mean": 47.5287831697711
        },
        "en-zh | (0.8641313217143293-0.9307763735422399]": {
          "count": 28,
          "mean": 29.9472382539401
        },
        "en-nl | (0.8641313217143293-0.9307763735422399]": {
          "count": 33,
          "mean": 50.055362306246494
        },
        "en-es | (0.0-0.8641313217143293]": {
          "count": 29,
          "mean": 55.440853430999695
        },
        "en-de | (0.8641313217143293-0.9307763735422399]": {
          "count": 33,
          "mean": 50.65970857187491
        },
        "en-nl | (0.9307763735422399-0.9958426710938243]": {
          "count": 32,
          "mean": 49.04437885718297
        },
        "en-es | (0.9307763735422399-0.9958426710938243]": {
          "count": 31,
          "mean": 61.76199791158081
        },
        "en-de | (0.0-0.8641313217143293]": {
          "count": 28,
          "mean": 48.78197426198244
        },
        "en-zh | (0.0-0.8641313217143293]": {
          "count": 40,
          "mean": 23.5395899032799
        },
        "en-es | (0.8641313217143293-0.9307763735422399]": {
          "count": 34,
          "mean": 57.781982236330634
        },
        "en-zh | (0.9307763735422399-0.9958426710938243]": {
          "count": 28,
          "mean": 16.926446147363105
        },
        "en-de | UNBINNED": {
          "count": 1,
          "mean": 67.83117886934086
        },
        "en-nl | (0.0-0.8641313217143293]": {
          "count": 31,
          "mean": 58.42179462596701
        },
        "en-es | UNBINNED": {
          "count": 1,
          "mean": 52.630666788902836
        }
      }
    },
    "comet": {
      "overall": {
        "count": 386,
        "mean": 0.7424748702447649,
        "system_score": 0.7424748702447649
      },
      "by_bin": {
        "(0.9307763735422399-0.9958426710938243]": {
          "count": 128,
          "mean": 0.7508490667678416
        },
        "(0.8641313217143293-0.9307763735422399]": {
          "count": 128,
          "mean": 0.762645909562707
        },
        "(0.0-0.8641313217143293]": {
          "count": 128,
          "mean": 0.7136068843537942
        },
        "UNBINNED": {
          "count": 2,
          "mean": 0.7631308734416962
        }
      },
      "by_langpair": {
        "en-de": {
          "count": 99,
          "mean": 0.7369931621683968
        },
        "en-zh": {
          "count": 96,
          "mean": 0.6901009206970533
        },
        "en-nl": {
          "count": 96,
          "mean": 0.7805965399990479
        },
        "en-es": {
          "count": 95,
          "mean": 0.7625896908734974
        }
      },
      "by_langpair_bin": {
        "en-de | (0.9307763735422399-0.9958426710938243]": {
          "count": 37,
          "mean": 0.7792326775757042
        },
        "en-zh | (0.8641313217143293-0.9307763735422399]": {
          "count": 28,
          "mean": 0.729259444134576
        },
        "en-nl | (0.8641313217143293-0.9307763735422399]": {
          "count": 33,
          "mean": 0.7892329403848359
        },
        "en-es | (0.0-0.8641313217143293]": {
          "count": 29,
          "mean": 0.7019649744033813
        },
        "en-de | (0.8641313217143293-0.9307763735422399]": {
          "count": 33,
          "mean": 0.7496332761013147
        },
        "en-nl | (0.9307763735422399-0.9958426710938243]": {
          "count": 32,
          "mean": 0.7693368159234524
        },
        "en-es | (0.9307763735422399-0.9958426710938243]": {
          "count": 31,
          "mean": 0.8058662866392443
        },
        "en-de | (0.0-0.8641313217143293]": {
          "count": 28,
          "mean": 0.6627467418355601
        },
        "en-zh | (0.0-0.8641313217143293]": {
          "count": 40,
          "mean": 0.7038496367633342
        },
        "en-es | (0.8641313217143293-0.9307763735422399]": {
          "count": 34,
          "mean": 0.7769654954180998
        },
        "en-zh | (0.9307763735422399-0.9958426710938243]": {
          "count": 28,
          "mean": 0.6313013743077006
        },
        "en-de | UNBINNED": {
          "count": 1,
          "mean": 0.8359071016311646
        },
        "en-nl | (0.0-0.8641313217143293]": {
          "count": 31,
          "mean": 0.7830258934728561
        },
        "en-es | UNBINNED": {
          "count": 1,
          "mean": 0.6903546452522278
        }
      }
    },
    "bleu": {
      "overall": {
        "count": 386,
        "bleu": 0.23110048640348596
      },
      "by_bin": {
        "(0.9307763735422399-0.9958426710938243]": {
          "count": 128,
          "bleu": 0.1269135036479089
        },
        "(0.8641313217143293-0.9307763735422399]": {
          "count": 128,
          "bleu": 0.24851829362070033
        },
        "(0.0-0.8641313217143293]": {
          "count": 128,
          "bleu": 0.2844778195055993
        },
        "UNBINNED": {
          "count": 2,
          "bleu": 0.2740432627915976
        }
      },
      "by_langpair": {
        "en-de": {
          "count": 99,
          "bleu": 0.2073457846708985
        },
        "en-zh": {
          "count": 96,
          "bleu": 0.014729323940666535
        },
        "en-nl": {
          "count": 96,
          "bleu": 0.2570474085275359
        },
        "en-es": {
          "count": 95,
          "bleu": 0.3054631138643001
        }
      },
      "by_langpair_bin": {
        "en-de | (0.9307763735422399-0.9958426710938243]": {
          "count": 37,
          "bleu": 0.14806518749523526
        },
        "en-zh | (0.8641313217143293-0.9307763735422399]": {
          "count": 28,
          "bleu": 0.0
        },
        "en-nl | (0.8641313217143293-0.9307763735422399]": {
          "count": 33,
          "bleu": 0.24470547080839392
        },
        "en-es | (0.0-0.8641313217143293]": {
          "count": 29,
          "bleu": 0.3294712667850901
        },
        "en-de | (0.8641313217143293-0.9307763735422399]": {
          "count": 33,
          "bleu": 0.21686782561158258
        },
        "en-nl | (0.9307763735422399-0.9958426710938243]": {
          "count": 32,
          "bleu": 0.08247855242291359
        },
        "en-es | (0.9307763735422399-0.9958426710938243]": {
          "count": 31,
          "bleu": 0.23084301173487934
        },
        "en-de | (0.0-0.8641313217143293]": {
          "count": 28,
          "bleu": 0.22527348618182863
        },
        "en-zh | (0.0-0.8641313217143293]": {
          "count": 40,
          "bleu": 0.03758875835646683
        },