{
  "config": {
    "data": "data/wmt24_filtered_100.jsonl",
    "model_id": "TM_5bit",
    "device_map": "auto",
    "max_new_tokens": 256,
    "bins": "quantile_balanced",
    "eval_metrics": [
      "bleu",
      "chrf",
      "comet"
    ]
  },
  "counts": {
    "rows": 386
  },
  "metrics": {
    "chrf": {
      "overall": {
        "count": 386,
        "mean": 44.83455827793604
      },
      "by_bin": {
        "(0.9307763735422399-0.9958426710938243]": {
          "count": 128,
          "mean": 42.34354465769927
        },
        "(0.8641313217143293-0.9307763735422399]": {
          "count": 128,
          "mean": 47.947423677761144
        },
        "(0.0-0.8641313217143293]": {
          "count": 128,
          "mean": 43.99313667665811
        },
        "UNBINNED": {
          "count": 2,
          "mean": 58.88702686606314
        }
      },
      "by_langpair": {
        "en-de": {
          "count": 99,
          "mean": 47.21696783075515
        },
        "en-zh": {
          "count": 96,
          "mean": 22.2930364863734
        },
        "en-nl": {
          "count": 96,
          "mean": 51.77513363161748
        },
        "en-es": {
          "count": 95,
          "mean": 58.117003670646426
        }
      },
      "by_langpair_bin": {
        "en-de | (0.9307763735422399-0.9958426710938243]": {
          "count": 37,
          "mean": 41.3843518584762
        },
        "en-zh | (0.8641313217143293-0.9307763735422399]": {
          "count": 28,
          "mean": 29.110708677192687
        },
        "en-nl | (0.8641313217143293-0.9307763735422399]": {
          "count": 33,
          "mean": 50.725120225822764
        },
        "en-es | (0.0-0.8641313217143293]": {
          "count": 29,
          "mean": 55.08766852389689
        },
        "en-de | (0.8641313217143293-0.9307763735422399]": {
          "count": 33,
          "mean": 51.823174188891805
        },
        "en-nl | (0.9307763735422399-0.9958426710938243]": {
          "count": 32,
          "mean": 48.43714725737388
        },
        "en-es | (0.9307763735422399-0.9958426710938243]": {
          "count": 31,
          "mean": 62.482576208413285
        },
        "en-de | (0.0-0.8641313217143293]": {
          "count": 28,
          "mean": 48.70915790952592
        },
        "en-zh | (0.0-0.8641313217143293]": {
          "count": 40,
          "mean": 23.080688425133513
        },
        "en-es | (0.8641313217143293-0.9307763735422399]": {
          "count": 34,
          "mean": 57.002255061954386
        },
        "en-zh | (0.9307763735422399-0.9958426710938243]": {
          "count": 28,
          "mean": 14.35014724018254
        },
        "en-de | UNBINNED": {
          "count": 1,
          "mean": 69.23762678098623
        },
        "en-nl | (0.0-0.8641313217143293]": {
          "count": 31,
          "mean": 56.33855319184393
        },
        "en-es | UNBINNED": {
          "count": 1,
          "mean": 48.536426951140044
        }
      }
    },
    "comet": {
      "overall": {
        "count": 386,
        "mean": 0.7343605630524418,
        "system_score": 0.7343605630524418
      },
      "by_bin": {
        "(0.9307763735422399-0.9958426710938243]": {
          "count": 128,
          "mean": 0.7294668158283457
        },
        "(0.8641313217143293-0.9307763735422399]": {
          "count": 128,
          "mean": 0.7618655599653721
        },
        "(0.0-0.8641313217143293]": {
          "count": 128,
          "mean": 0.7112092452589422
        },
        "UNBINNED": {
          "count": 2,
          "mean": 0.7689249217510223
        }
      },
      "by_langpair": {
        "en-de": {
          "count": 99,
          "mean": 0.7151556189614113
        },
        "en-zh": {
          "count": 96,
          "mean": 0.6855912947406372
        },
        "en-nl": {
          "count": 96,
          "mean": 0.7837681431944171
        },
        "en-es": {
          "count": 95,
          "mean": 0.7537291054662906
        }
      },
      "by_langpair_bin": {
        "en-de | (0.9307763735422399-0.9958426710938243]": {
          "count": 37,
          "mean": 0.7097571693562172
        },
        "en-zh | (0.8641313217143293-0.9307763735422399]": {
          "count": 28,
          "mean": 0.7281568529350417
        },
        "en-nl | (0.8641313217143293-0.9307763735422399]": {
          "count": 33,
          "mean": 0.7956542815222885
        },
        "en-es | (0.0-0.8641313217143293]": {
          "count": 29,
          "mean": 0.6899668481843225
        },
        "en-de | (0.8641313217143293-0.9307763735422399]": {
          "count": 33,
          "mean": 0.7536229888598124
        },
        "en-nl | (0.9307763735422399-0.9958426710938243]": {
          "count": 32,
          "mean": 0.779679193161428
        },
        "en-es | (0.9307763735422399-0.9958426710938243]": {
          "count": 31,
          "mean": 0.8029306439622756
        },
        "en-de | (0.0-0.8641313217143293]": {
          "count": 28,
          "mean": 0.6725753258381572
        },
        "en-zh | (0.0-0.8641313217143293]": {
          "count": 40,
          "mean": 0.7039554849267006
        },
        "en-es | (0.8641313217143293-0.9307763735422399]": {
          "count": 34,
          "mean": 0.7648308785522685
        },
        "en-zh | (0.9307763735422399-0.9958426710938243]": {
          "count": 28,
          "mean": 0.6167911791375705
        },
        "en-de | UNBINNED": {
          "count": 1,
          "mean": 0.8377232551574707
        },
        "en-nl | (0.0-0.8641313217143293]": {
          "count": 31,
          "mean": 0.7753360088794462
        },
        "en-es | UNBINNED": {
          "count": 1,
          "mean": 0.700126588344574
        }
      }
    },
    "bleu": {
      "overall": {
        "count": 386,
        "bleu": 0.21465090561141467
      },
      "by_bin": {
        "(0.9307763735422399-0.9958426710938243]": {
          "count": 128,
          "bleu": 0.10631921405336886
        },
        "(0.8641313217143293-0.9307763735422399]": {
          "count": 128,
          "bleu": 0.23124377920142689
        },
        "(0.0-0.8641313217143293]": {
          "count": 128,
          "bleu": 0.28029472196731575
        },
        "UNBINNED": {
          "count": 2,
          "bleu": 0.2877761304161971
        }
      },
      "by_langpair": {
        "en-de": {
          "count": 99,
          "bleu": 0.17880886951414274
        },
        "en-zh": {
          "count": 96,
          "bleu": 0.013710763265448615
        },
        "en-nl": {
          "count": 96,
          "bleu": 0.24419048525046957
        },
        "en-es": {
          "count": 95,
          "bleu": 0.3020159980103603
        }
      },
      "by_langpair_bin": {
        "en-de | (0.9307763735422399-0.9958426710938243]": {
          "count": 37,
          "bleu": 0.08452689692250774
        },
        "en-zh | (0.8641313217143293-0.9307763735422399]": {
          "count": 28,
          "bleu": 0.0
        },
        "en-nl | (0.8641313217143293-0.9307763735422399]": {
          "count": 33,
          "bleu": 0.21975670541982012
        },
        "en-es | (0.0-0.8641313217143293]": {
          "count": 29,
          "bleu": 0.3256907339551851
        },
        "en-de | (0.8641313217143293-0.9307763735422399]": {
          "count": 33,
          "bleu": 0.2163790093575396
        },
        "en-nl | (0.9307763735422399-0.9958426710938243]": {
          "count": 32,
          "bleu": 0.08681581097444693
        },
        "en-es | (0.9307763735422399-0.9958426710938243]": {
          "count": 31,
          "bleu": 0.2442791164110292
        },
        "en-de | (0.0-0.8641313217143293]": {
          "count": 28,
          "bleu": 0.22220083949771052
        },
        "en-zh | (0.0-0.8641313217143293]": {
          "count": 40,
          "bleu": 0.03890803100452122
        },