{
  "config": {
    "data": "data/wmt24_filtered_100.jsonl",
    "model_id": "TM_6bit",
    "device_map": "auto",
    "max_new_tokens": 256,
    "bins": "quantile_balanced",
    "eval_metrics": [
      "bleu",
      "chrf",
      "comet"
    ]
  },
  "counts": {
    "rows": 386
  },
  "metrics": {
    "chrf": {
      "overall": {
        "count": 386,
        "mean": 45.86517776598822
      },
      "by_bin": {
        "(0.9307763735422399-0.9958426710938243]": {
          "count": 128,
          "mean": 43.125368290170705
        },
        "(0.8641313217143293-0.9307763735422399]": {
          "count": 128,
          "mean": 49.04818115144183
        },
        "(0.0-0.8641313217143293]": {
          "count": 128,
          "mean": 45.18432660264166
        },
        "UNBINNED": {
          "count": 2,
          "mean": 61.07524200345284
        }
      },
      "by_langpair": {
        "en-de": {
          "count": 99,
          "mean": 47.76382741553261
        },
        "en-zh": {
          "count": 96,
          "mean": 23.54191856848558
        },
        "en-nl": {
          "count": 96,
          "mean": 53.06774366613564
        },
        "en-es": {
          "count": 95,
          "mean": 59.16644346326401
        }
      },
      "by_langpair_bin": {
        "en-de | (0.9307763735422399-0.9958426710938243]": {
          "count": 37,
          "mean": 42.04110565662929
        },
        "en-zh | (0.8641313217143293-0.9307763735422399]": {
          "count": 28,
          "mean": 30.71529837286792
        },
        "en-nl | (0.8641313217143293-0.9307763735422399]": {
          "count": 33,
          "mean": 51.90744476108121
        },
        "en-es | (0.0-0.8641313217143293]": {
          "count": 29,
          "mean": 56.022183541240636
        },
        "en-de | (0.8641313217143293-0.9307763735422399]": {
          "count": 33,
          "mean": 51.722912550120476
        },
        "en-nl | (0.9307763735422399-0.9958426710938243]": {
          "count": 32,
          "mean": 49.138735740910455
        },
        "en-es | (0.9307763735422399-0.9958426710938243]": {
          "count": 31,
          "mean": 62.73931959398662
        },
        "en-de | (0.0-0.8641313217143293]": {
          "count": 28,
          "mean": 49.89300942526723
        },
        "en-zh | (0.0-0.8641313217143293]": {
          "count": 40,
          "mean": 23.820701185261672
        },
        "en-es | (0.8641313217143293-0.9307763735422399]": {
          "count": 34,
          "mean": 58.774618872782234
        },
        "en-zh | (0.9307763735422399-0.9958426710938243]": {
          "count": 28,
          "mean": 15.970277882994486
        },
        "en-de | UNBINNED": {
          "count": 1,
          "mean": 69.23762678098623
        },
        "en-nl | (0.0-0.8641313217143293]": {
          "count": 31,
          "mean": 58.35865068142602
        },
        "en-es | UNBINNED": {
          "count": 1,
          "mean": 52.91285722591945
        }
      }
    },
    "comet": {
      "overall": {
        "count": 386,
        "mean": 0.7452503126983198,
        "system_score": 0.7452503126983198
      },
      "by_bin": {
        "(0.9307763735422399-0.9958426710938243]": {
          "count": 128,
          "mean": 0.7302335703279823
        },
        "(0.8641313217143293-0.9307763735422399]": {
          "count": 128,
          "mean": 0.7797148965764791
        },
        "(0.0-0.8641313217143293]": {
          "count": 128,
          "mean": 0.7254335333127528
        },
        "UNBINNED": {
          "count": 2,
          "mean": 0.7688623368740082
        }
      },
      "by_langpair": {
        "en-de": {
          "count": 99,
          "mean": 0.7193862124524936
        },
        "en-zh": {
          "count": 96,
          "mean": 0.7024411698803306
        },
        "en-nl": {
          "count": 96,
          "mean": 0.7968443781137466
        },
        "en-es": {
          "count": 95,
          "mean": 0.7633260322244544
        }
      },
      "by_langpair_bin": {
        "en-de | (0.9307763735422399-0.9958426710938243]": {
          "count": 37,
          "mean": 0.7068191074036263
        },
        "en-zh | (0.8641313217143293-0.9307763735422399]": {
          "count": 28,
          "mean": 0.764256201684475
        },
        "en-nl | (0.8641313217143293-0.9307763735422399]": {
          "count": 33,
          "mean": 0.8121591138117241
        },
        "en-es | (0.0-0.8641313217143293]": {
          "count": 29,
          "mean": 0.7017997729367224
        },
        "en-de | (0.8641313217143293-0.9307763735422399]": {
          "count": 33,
          "mean": 0.762070099512736
        },
        "en-nl | (0.9307763735422399-0.9958426710938243]": {
          "count": 32,
          "mean": 0.778909595683217
        },
        "en-es | (0.9307763735422399-0.9958426710938243]": {
          "count": 31,
          "mean": 0.8067422307306721
        },
        "en-de | (0.0-0.8641313217143293]": {
          "count": 28,
          "mean": 0.6814604114208903
        },
        "en-zh | (0.0-0.8641313217143293]": {
          "count": 40,
          "mean": 0.7162926211953163
        },
        "en-es | (0.8641313217143293-0.9307763735422399]": {
          "count": 34,
          "mean": 0.778081443379907
        },
        "en-zh | (0.9307763735422399-0.9958426710938243]": {
          "count": 28,
          "mean": 0.6208383504833493
        },
        "en-de | UNBINNED": {
          "count": 1,
          "mean": 0.8377232551574707
        },
        "en-nl | (0.0-0.8641313217143293]": {
          "count": 31,
          "mean": 0.7990549187506398
        },
        "en-es | UNBINNED": {
          "count": 1,
          "mean": 0.7000014185905457
        }
      }
    },
    "bleu": {
      "overall": {
        "count": 386,
        "bleu": 0.23010783630701523
      },
      "by_bin": {
        "(0.9307763735422399-0.9958426710938243]": {
          "count": 128,
          "bleu": 0.11608479457697682
        },
        "(0.8641313217143293-0.9307763735422399]": {
          "count": 128,
          "bleu": 0.2524063032689993
        },
        "(0.0-0.8641313217143293]": {
          "count": 128,
          "bleu": 0.2915930880846053
        },
        "UNBINNED": {
          "count": 2,
          "bleu": 0.2924894559780095
        }
      },
      "by_langpair": {
        "en-de": {
          "count": 99,
          "bleu": 0.19134365971413056
        },
        "en-zh": {
          "count": 96,
          "bleu": 0.0172129135113672
        },
        "en-nl": {
          "count": 96,
          "bleu": 0.26280653194436293
        },
        "en-es": {
          "count": 95,
          "bleu": 0.3136641096189393
        }
      },
      "by_langpair_bin": {
        "en-de | (0.9307763735422399-0.9958426710938243]": {
          "count": 37,
          "bleu": 0.10386450976492177
        },
        "en-zh | (0.8641313217143293-0.9307763735422399]": {
          "count": 28,
          "bleu": 0.0
        },
        "en-nl | (0.8641313217143293-0.9307763735422399]": {
          "count": 33,
          "bleu": 0.24955838593290994
        },
        "en-es | (0.0-0.8641313217143293]": {
          "count": 29,
          "bleu": 0.33693279144018545
        },
        "en-de | (0.8641313217143293-0.9307763735422399]": {
          "count": 33,
          "bleu": 0.21700488201938323
        },
        "en-nl | (0.9307763735422399-0.9958426710938243]": {
          "count": 32,
          "bleu": 0.08811061054000022
        },
        "en-es | (0.9307763735422399-0.9958426710938243]": {
          "count": 31,
          "bleu": 0.24064896457183174
        },
        "en-de | (0.0-0.8641313217143293]": {
          "count": 28,
          "bleu": 0.23812377807030224
        },
        "en-zh | (0.0-0.8641313217143293]": {
          "count": 40,
          "bleu": 0.0461791553792044
        },