{
  "config": {
    "data": "data/wmt24_filtered_5.jsonl",
    "model_id": "G3",
    "device_map": "auto",
    "max_new_tokens": 256,
    "bins": "interval",
    "eval_metrics": [
      "chrf"
    ]
  },
  "counts": {
    "rows": 20
  },
  "metrics": {
    "chrf": {
      "overall": {
        "count": 20,
        "mean": 21.11028979658338
      },
      "by_bin": {
        "(0.9146337590002647-0.978634295645502]": {
          "count": 7,
          "mean": 24.457712870230147
        },
        "(0.8778332614905968-0.9146337590002647]": {
          "count": 6,
          "mean": 12.128008867332829
        },
        "(0.1875026876327152-0.8778332614905968]": {
          "count": 7,
          "mean": 25.461964662294243
        }
      },
      "by_langpair": {
        "en-de": {
          "count": 5,
          "mean": 20.263637525467193
        },
        "en-nl": {
          "count": 5,
          "mean": 33.57687554562868
        },
        "en-es": {
          "count": 5,
          "mean": 27.203918722112206
        },
        "en-zh": {
          "count": 5,
          "mean": 3.3967273931254605
        }
      },
      "by_langpair_bin": {
        "en-de | (0.9146337590002647-0.978634295645502]": {
          "count": 2,
          "mean": 12.098628863975806
        },
        "en-nl | (0.8778332614905968-0.9146337590002647]": {
          "count": 1,
          "mean": 15.322714737270834
        },
        "en-es | (0.8778332614905968-0.9146337590002647]": {
          "count": 2,
          "mean": 11.909091102673147
        },
        "en-zh | (0.1875026876327152-0.8778332614905968]": {
          "count": 1,
          "mean": 0.0
        },
        "en-de | (0.1875026876327152-0.8778332614905968]": {
          "count": 2,
          "mean": 30.238705301815894
        },
        "en-nl | (0.9146337590002647-0.978634295645502]": {
          "count": 1,
          "mean": 55.41944827073305
        },
        "en-es | (0.9146337590002647-0.978634295645502]": {
          "count": 2,
          "mean": 45.79364204646317
        },
        "en-zh | (0.9146337590002647-0.978634295645502]": {
          "count": 2,
          "mean": 0.0
        },
        "en-nl | (0.1875026876327152-0.8778332614905968]": {
          "count": 3,
          "mean": 32.380738240046504
        },
        "en-de | (0.8778332614905968-0.9146337590002647]": {
          "count": 1,
          "mean": 16.643519295752544
        },
        "en-es | (0.1875026876327152-0.8778332614905968]": {
          "count": 1,
          "mean": 20.614127312288392
        },
        "en-zh | (0.8778332614905968-0.9146337590002647]": {
          "count": 2,
          "mean": 8.49181848281365
        }
      }
    }
  }
}