{
  "config": {
    "data": "data/subset.jsonl",
    "model_id": "Unbabel/TowerInstruct-Mistral-7B-v0.2",
    "quant": "none",
    "device_map": "auto",
    "max_new_tokens": 256,
    "bins": "0-30,30-60,60-100",
    "eval_metrics": [
      "bleu",
      "chrf"
    ]
  },
  "counts": {
    "rows": 60
  },
  "metrics": {
    "chrf": {
      "overall": {
        "count": 60,
        "mean": 36.779581989330865
      },
      "by_bin": {
        "(30.0-60.0]": {
          "count": 15,
          "mean": 44.97299711373592
        },
        "(60.0-100.0]": {
          "count": 42,
          "mean": 35.090905829723404
        },
        "(0.0-30.0]": {
          "count": 3,
          "mean": 19.453972601810126
        }
      },
      "by_langpair": {
        "en-ru": {
          "count": 60,
          "mean": 36.779581989330865
        }
      },
      "by_langpair_bin": {
        "en-ru | (30.0-60.0]": {
          "count": 15,
          "mean": 44.97299711373592
        },
        "en-ru | (60.0-100.0]": {
          "count": 42,
          "mean": 35.090905829723404
        },
        "en-ru | (0.0-30.0]": {
          "count": 3,
          "mean": 19.453972601810126
        }
      }
    },
    "bleu": {
      "overall": {
        "count": 60,
        "bleu": 0.12990197521475907
      },
      "by_bin": {
        "(30.0-60.0]": {
          "count": 15,
          "bleu": 0.1706889533868059
        },
        "(60.0-100.0]": {
          "count": 42,
          "bleu": 0.12246761978607036
        },
        "(0.0-30.0]": {
          "count": 3,
          "bleu": 0.033216494041350554
        }
      },
      "by_langpair": {
        "en-ru": {
          "count": 60,
          "bleu": 0.12990197521475907
        }
      },
      "by_langpair_bin": {
        "en-ru | (30.0-60.0]": {
          "count": 15,
          "bleu": 0.1706889533868059
        },
        "en-ru | (60.0-100.0]": {
          "count": 42,
          "bleu": 0.12246761978607036
        },
        "en-ru | (0.0-30.0]": {
          "count": 3,
          "bleu": 0.033216494041350554
        }
      }
    }
  }
}