{
  "config": {
    "data": "data/wmt24_estimated_normalized.jsonl",
    "model_id": "TM_2bit",
    "device_map": "auto",
    "max_new_tokens": 256,
    "bins": "quantile_balanced",
    "eval_metrics": [
      "bleu",
      "chrf",
      "comet"
    ]
  },
  "counts": {
    "rows": 3840
  },
  "metrics": {
    "chrf": {
      "overall": {
        "count": 3840,
        "mean": 36.612773187868825
      },
      "by_bin": {
        "(0.8606018543530295-0.9288814077069186]": {
          "count": 1280,
          "mean": 37.66483450631445
        },
        "(0.9288814077069186-1.0]": {
          "count": 1280,
          "mean": 32.79299760215683
        },
        "(0.0-0.8606018543530295]": {
          "count": 1280,
          "mean": 39.38048745513505
        }
      },
      "by_langpair": {
        "en-de": {
          "count": 960,
          "mean": 42.75087519613601
        },
        "en-es": {
          "count": 960,
          "mean": 35.36444790974419
        },
        "en-nl": {
          "count": 960,
          "mean": 46.30085522080514
        },
        "en-zh": {
          "count": 960,
          "mean": 22.034914424789882
        }
      },
      "by_langpair_bin": {
        "en-de | (0.8606018543530295-0.9288814077069186]": {
          "count": 320,
          "mean": 41.58143595842399
        },
        "en-de | (0.9288814077069186-1.0]": {
          "count": 320,
          "mean": 40.62719515734723
        },
        "en-de | (0.0-0.8606018543530295]": {
          "count": 320,
          "mean": 46.043994472636726
        },
        "en-es | (0.8606018543530295-0.9288814077069186]": {
          "count": 320,
          "mean": 38.14378864785233
        },
        "en-es | (0.9288814077069186-1.0]": {
          "count": 320,
          "mean": 28.76420040443582
        },
        "en-es | (0.0-0.8606018543530295]": {
          "count": 320,
          "mean": 39.18535467694461
        },
        "en-nl | (0.8606018543530295-0.9288814077069186]": {
          "count": 320,
          "mean": 47.211682276577044
        },
        "en-nl | (0.9288814077069186-1.0]": {
          "count": 320,
          "mean": 42.986894225917624
        },
        "en-nl | (0.0-0.8606018543530295]": {
          "count": 320,
          "mean": 48.70398915992073
        },
        "en-zh | (0.8606018543530295-0.9288814077069186]": {
          "count": 320,
          "mean": 23.72243114240445
        },
        "en-zh | (0.9288814077069186-1.0]": {
          "count": 320,
          "mean": 18.7937006209269
        },
        "en-zh | (0.0-0.8606018543530295]": {
          "count": 320,
          "mean": 23.588611511038142
        }
      }
    },
    "comet": {
      "overall": {
        "count": 3840,
        "mean": 0.6509628697492492,
        "system_score": 0.6509628697492492
      },
      "by_bin": {
        "(0.8606018543530295-0.9288814077069186]": {
          "count": 1280,
          "mean": 0.6578532092506066
        },
        "(0.9288814077069186-1.0]": {
          "count": 1280,
          "mean": 0.6358836960047484
        },
        "(0.0-0.8606018543530295]": {
          "count": 1280,
          "mean": 0.6591517039923929
        }
      },
      "by_langpair": {
        "en-de": {
          "count": 960,
          "mean": 0.6600612277475496
        },
        "en-es": {
          "count": 960,
          "mean": 0.5576477235183119
        },
        "en-nl": {
          "count": 960,
          "mean": 0.7186312304499248
        },
        "en-zh": {
          "count": 960,
          "mean": 0.6675112972812106
        }
      },
      "by_langpair_bin": {
        "en-de | (0.8606018543530295-0.9288814077069186]": {
          "count": 320,
          "mean": 0.6503483364824205
        },
        "en-de | (0.9288814077069186-1.0]": {
          "count": 320,
          "mean": 0.6707882846239954
        },
        "en-de | (0.0-0.8606018543530295]": {
          "count": 320,
          "mean": 0.6590470621362329
        },
        "en-es | (0.8606018543530295-0.9288814077069186]": {
          "count": 320,
          "mean": 0.5752348355948925
        },
        "en-es | (0.9288814077069186-1.0]": {
          "count": 320,
          "mean": 0.5389848945662379
        },
        "en-es | (0.0-0.8606018543530295]": {
          "count": 320,
          "mean": 0.5587234403938055
        },
        "en-nl | (0.8606018543530295-0.9288814077069186]": {
          "count": 320,
          "mean": 0.7221884683705866
        },
        "en-nl | (0.9288814077069186-1.0]": {
          "count": 320,
          "mean": 0.7257594142109156
        },
        "en-nl | (0.0-0.8606018543530295]": {
          "count": 320,
          "mean": 0.7079458087682724
        },
        "en-zh | (0.8606018543530295-0.9288814077069186]": {
          "count": 320,
          "mean": 0.6836411965545267
        },
        "en-zh | (0.9288814077069186-1.0]": {
          "count": 320,
          "mean": 0.6080021906178444
        },
        "en-zh | (0.0-0.8606018543530295]": {
          "count": 320,
          "mean": 0.7108905046712607
        }
      }
    },
    "bleu": {
      "overall": {
        "count": 3840,
        "bleu": 0.1291138973794436
      },
      "by_bin": {
        "(0.8606018543530295-0.9288814077069186]": {
          "count": 1280,
          "bleu": 0.1324977362561528
        },
        "(0.9288814077069186-1.0]": {
          "count": 1280,
          "bleu": 0.053001657342565435
        },
        "(0.0-0.8606018543530295]": {
          "count": 1280,
          "bleu": 0.20713194711611602
        }
      },
      "by_langpair": {
        "en-de": {
          "count": 960,
          "bleu": 0.14474729551904458
        },
        "en-es": {
          "count": 960,
          "bleu": 0.13138095221862833
        },
        "en-nl": {
          "count": 960,
          "bleu": 0.18243173822620318
        },
        "en-zh": {
          "count": 960,
          "bleu": 0.007191004494205736
        }
      },
      "by_langpair_bin": {
        "en-de | (0.8606018543530295-0.9288814077069186]": {
          "count": 320,
          "bleu": 0.13844976496877112
        },
        "en-de | (0.9288814077069186-1.0]": {
          "count": 320,
          "bleu": 0.07327964752554854
        },
        "en-de | (0.0-0.8606018543530295]": {
          "count": 320,
          "bleu": 0.20467742652251245
        },
        "en-es | (0.8606018543530295-0.9288814077069186]": {
          "count": 320,
          "bleu": 0.14027309261985077
        },
        "en-es | (0.9288814077069186-1.0]": {
          "count": 320,
          "bleu": 0.054935864717853
        },
        "en-es | (0.0-0.8606018543530295]": {
          "count": 320,
          "bleu": 0.2019336852506277
        },
        "en-nl | (0.8606018543530295-0.9288814077069186]": {
          "count": 320,
          "bleu": 0.18107080358275862
        },
        "en-nl | (0.9288814077069186-1.0]": {
          "count": 320,
          "bleu": 0.09041398696350336
        },
        "en-nl | (0.0-0.8606018543530295]": {
          "count": 320,
          "bleu": 0.2508647943584354
        },
        "en-zh | (0.8606018543530295-0.9288814077069186]": {
          "count": 320,
          "bleu": 0.010403760113694208
        },
        "en-zh | (0.9288814077069186-1.0]": {
          "count": 320,
          "bleu": 0.0018004548752968733
        },
        "en-zh | (0.0-0.8606018543530295]": {
          "count": 320,
          "bleu": 0.02328338690425768
        }
      }
    }
  }
}