{
  "config": {
    "data": "data/wmt24_filtered_100.jsonl",
    "model_id": "TM_2bit",
    "device_map": "auto",
    "max_new_tokens": 256,
    "bins": "quantile_balanced",
    "eval_metrics": [
      "chrf",
      "comet"
    ]
  },
  "counts": {
    "rows": 386
  },
  "metrics": {
    "chrf": {
      "overall": {
        "count": 386,
        "mean": 36.648897002692216
      },
      "by_bin": {
        "(0.9307763735422399-0.9958426710938243]": {
          "count": 128,
          "mean": 33.22012567688105
        },
        "(0.8641313217143293-0.9307763735422399]": {
          "count": 128,
          "mean": 38.0062111845905
        },
        "(0.0-0.8641313217143293]": {
          "count": 128,
          "mean": 38.603319658085326
        },
        "UNBINNED": {
          "count": 2,
          "mean": 44.13910426795722
        }
      },
      "by_langpair": {
        "en-de": {
          "count": 99,
          "mean": 42.81324639475777
        },
        "en-zh": {
          "count": 96,
          "mean": 21.773064377546334
        },
        "en-nl": {
          "count": 96,
          "mean": 44.50052959454681
        },
        "en-es": {
          "count": 95,
          "mean": 37.323135038286644
        }
      },
      "by_langpair_bin": {
        "en-de | (0.9307763735422399-0.9958426710938243]": {
          "count": 37,
          "mean": 40.085270661023415
        },
        "en-zh | (0.8641313217143293-0.9307763735422399]": {
          "count": 28,
          "mean": 26.167798459387075
        },
        "en-nl | (0.8641313217143293-0.9307763735422399]": {
          "count": 33,
          "mean": 43.47450688488287
        },
        "en-es | (0.0-0.8641313217143293]": {
          "count": 29,
          "mean": 40.5084436373687
        },
        "en-de | (0.8641313217143293-0.9307763735422399]": {
          "count": 33,
          "mean": 46.005942474757596
        },
        "en-nl | (0.9307763735422399-0.9958426710938243]": {
          "count": 32,
          "mean": 37.54534339749058
        },
        "en-es | (0.9307763735422399-0.9958426710938243]": {
          "count": 31,
          "mean": 37.747237085703404
        },
        "en-de | (0.0-0.8641313217143293]": {
          "count": 28,
          "mean": 41.80102985787007
        },
        "en-zh | (0.0-0.8641313217143293]": {
          "count": 40,
          "mean": 24.00275223938016
        },
        "en-es | (0.8641313217143293-0.9307763735422399]": {
          "count": 34,
          "mean": 34.68358370284142
        },
        "en-zh | (0.9307763735422399-0.9958426710938243]": {
          "count": 28,
          "mean": 14.193061921657279
        },
        "en-de | UNBINNED": {
          "count": 1,
          "mean": 66.73144093579005
        },
        "en-nl | (0.0-0.8641313217143293]": {
          "count": 31,
          "mean": 52.77229435986012
        },
        "en-es | UNBINNED": {
          "count": 1,
          "mean": 21.546767600124404
        }
      }
    },
    "comet": {
      "overall": {
        "count": 386,
        "mean": 0.6561187505722046,
        "system_score": 0.6561187505722046
      },
      "by_bin": {
        "(0.9307763735422399-0.9958426710938243]": {
          "count": 128,
          "mean": 0.6393444780260324
        },
        "(0.8641313217143293-0.9307763735422399]": {
          "count": 128,
          "mean": 0.6670050527900457
        },
        "(0.0-0.8641313217143293]": {
          "count": 128,
          "mean": 0.662865974707529
        },
        "UNBINNED": {
          "count": 2,
          "mean": 0.6011265069246292
        }
      },
      "by_langpair": {
        "en-de": {
          "count": 99,
          "mean": 0.678053015410298
        },
        "en-zh": {
          "count": 96,
          "mean": 0.6826408837611476
        },
        "en-nl": {
          "count": 96,
          "mean": 0.6980546734606227
        },
        "en-es": {
          "count": 95,
          "mean": 0.5640822705469634
        }
      },
      "by_langpair_bin": {
        "en-de | (0.9307763735422399-0.9958426710938243]": {
          "count": 37,
          "mean": 0.6835260359016625
        },
        "en-zh | (0.8641313217143293-0.9307763735422399]": {
          "count": 28,
          "mean": 0.7320150520120349
        },
        "en-nl | (0.8641313217143293-0.9307763735422399]": {
          "count": 33,
          "mean": 0.6848063857266398
        },
        "en-es | (0.0-0.8641313217143293]": {
          "count": 29,
          "mean": 0.5693858358366736
        },
        "en-de | (0.8641313217143293-0.9307763735422399]": {
          "count": 33,
          "mean": 0.7303242854999773
        },
        "en-nl | (0.9307763735422399-0.9958426710938243]": {
          "count": 32,
          "mean": 0.6874252390116453
        },
        "en-es | (0.9307763735422399-0.9958426710938243]": {
          "count": 31,
          "mean": 0.5978179535558147
        },
        "en-de | (0.0-0.8641313217143293]": {
          "count": 28,
          "mean": 0.6034352683595249
        },
        "en-zh | (0.0-0.8641313217143293]": {
          "count": 40,
          "mean": 0.7255359433591366
        },
        "en-es | (0.8641313217143293-0.9307763735422399]": {
          "count": 34,
          "mean": 0.5347327397150152
        },
        "en-zh | (0.9307763735422399-0.9958426710938243]": {
          "count": 28,
          "mean": 0.5719880589417049
        },
        "en-de | UNBINNED": {
          "count": 1,
          "mean": 0.8398962616920471
        },
        "en-nl | (0.0-0.8641313217143293]": {
          "count": 31,
          "mean": 0.7231300088667101
        },
        "en-es | UNBINNED": {
          "count": 1,
          "mean": 0.3623567521572113
        }
      }
    }
  }
}