{
  "config": {
    "data": "data/wmt24_estimated_normalized.jsonl",
    "model_id": "TM_2bit",
    "device_map": "auto",
    "max_new_tokens": 256,
    "bins": "quantile_balanced",
    "eval_metrics": [
      "bleu",
      "chrf",
      "comet"
    ]
  },
  "counts": {
    "rows": 3840
  },
  "metrics": {
    "chrf": {
      "overall": {
        "count": 3840,
        "mean": 50.27623730139688
      },
      "by_bin": {
        "(0.8606018543530295-0.9288814077069186]": {
          "count": 1280,
          "mean": 50.50808987914557
        },
        "(0.9288814077069186-1.0]": {
          "count": 1280,
          "mean": 51.22361630516593
        },
        "(0.0-0.8606018543530295]": {
          "count": 1280,
          "mean": 49.097005719879085
        }
      },
      "by_langpair": {
        "en-de": {
          "count": 960,
          "mean": 54.488611748652175
        },
        "en-es": {
          "count": 960,
          "mean": 59.861157168933026
        },
        "en-nl": {
          "count": 960,
          "mean": 56.34936732353525
        },
        "en-zh": {
          "count": 960,
          "mean": 30.405812964466982
        }
      },
      "by_langpair_bin": {
        "en-de | (0.8606018543530295-0.9288814077069186]": {
          "count": 320,
          "mean": 53.80359833123191
        },
        "en-de | (0.9288814077069186-1.0]": {
          "count": 320,
          "mean": 55.94667468877875
        },
        "en-de | (0.0-0.8606018543530295]": {
          "count": 320,
          "mean": 53.7155622259459
        },
        "en-es | (0.8606018543530295-0.9288814077069186]": {
          "count": 320,
          "mean": 60.72532210224099
        },
        "en-es | (0.9288814077069186-1.0]": {
          "count": 320,
          "mean": 59.49804369355407
        },
        "en-es | (0.0-0.8606018543530295]": {
          "count": 320,
          "mean": 59.36010571100381
        },
        "en-nl | (0.8606018543530295-0.9288814077069186]": {
          "count": 320,
          "mean": 56.253825378108196
        },
        "en-nl | (0.9288814077069186-1.0]": {
          "count": 320,
          "mean": 57.43998112051314
        },
        "en-nl | (0.0-0.8606018543530295]": {
          "count": 320,
          "mean": 55.35429547198451
        },
        "en-zh | (0.8606018543530295-0.9288814077069186]": {
          "count": 320,
          "mean": 31.24961370500093
        },
        "en-zh | (0.9288814077069186-1.0]": {
          "count": 320,
          "mean": 32.009765717817956
        },
        "en-zh | (0.0-0.8606018543530295]": {
          "count": 320,
          "mean": 27.95805947058211
        }
      }
    },
    "comet": {
      "overall": {
        "count": 3840,
        "mean": 0.811967765178997,
        "system_score": 0.811967765178997
      },
      "by_bin": {
        "(0.8606018543530295-0.9288814077069186]": {
          "count": 1280,
          "mean": 0.8142282429034822
        },
        "(0.9288814077069186-1.0]": {
          "count": 1280,
          "mean": 0.851337595959194
        },
        "(0.0-0.8606018543530295]": {
          "count": 1280,
          "mean": 0.7703374566743151
        }
      },
      "by_langpair": {
        "en-de": {
          "count": 960,
          "mean": 0.8005036624148488
        },
        "en-es": {
          "count": 960,
          "mean": 0.8126628713061412
        },
        "en-nl": {
          "count": 960,
          "mean": 0.8280033074164143
        },
        "en-zh": {
          "count": 960,
          "mean": 0.806701219578584
        }
      },
      "by_langpair_bin": {
        "en-de | (0.8606018543530295-0.9288814077069186]": {
          "count": 320,
          "mean": 0.7987209506332874
        },
        "en-de | (0.9288814077069186-1.0]": {
          "count": 320,
          "mean": 0.8487907895818353
        },
        "en-de | (0.0-0.8606018543530295]": {
          "count": 320,
          "mean": 0.7539992470294237
        },
        "en-es | (0.8606018543530295-0.9288814077069186]": {
          "count": 320,
          "mean": 0.8136943998746574
        },
        "en-es | (0.9288814077069186-1.0]": {
          "count": 320,
          "mean": 0.8537743913941085
        },
        "en-es | (0.0-0.8606018543530295]": {
          "count": 320,
          "mean": 0.7705198226496577
        },
        "en-nl | (0.8606018543530295-0.9288814077069186]": {
          "count": 320,
          "mean": 0.834088956611231
        },
        "en-nl | (0.9288814077069186-1.0]": {
          "count": 320,
          "mean": 0.8672009780071676
        },
        "en-nl | (0.0-0.8606018543530295]": {
          "count": 320,
          "mean": 0.7827199876308442
        },
        "en-zh | (0.8606018543530295-0.9288814077069186]": {
          "count": 320,
          "mean": 0.8104086644947529
        },
        "en-zh | (0.9288814077069186-1.0]": {
          "count": 320,
          "mean": 0.8355842248536647
        },
        "en-zh | (0.0-0.8606018543530295]": {
          "count": 320,
          "mean": 0.7741107693873346
        }
      }
    },
    "bleu": {
      "overall": {
        "count": 3840,
        "bleu": 0.3242017780770771
      },
      "by_bin": {
        "(0.8606018543530295-0.9288814077069186]": {
          "count": 1280,
          "bleu": 0.3370679972223347
        },
        "(0.9288814077069186-1.0]": {
          "count": 1280,
          "bleu": 0.35128873635274627
        },
        "(0.0-0.8606018543530295]": {
          "count": 1280,
          "bleu": 0.31039513956121656
        }
      },
      "by_langpair": {
        "en-de": {
          "count": 960,
          "bleu": 0.27068342980771387
        },
        "en-es": {
          "count": 960,
          "bleu": 0.3888433840541355
        },
        "en-nl": {
          "count": 960,
          "bleu": 0.31473426043510583
        },
        "en-zh": {
          "count": 960,
          "bleu": 0.11998551209592209
        }
      },
      "by_langpair_bin": {
        "en-de | (0.8606018543530295-0.9288814077069186]": {
          "count": 320,
          "bleu": 0.2825245280122059
        },
        "en-de | (0.9288814077069186-1.0]": {
          "count": 320,
          "bleu": 0.2884896131797406
        },
        "en-de | (0.0-0.8606018543530295]": {
          "count": 320,
          "bleu": 0.2599248825340913
        },
        "en-es | (0.8606018543530295-0.9288814077069186]": {
          "count": 320,
          "bleu": 0.4063454800942786
        },
        "en-es | (0.9288814077069186-1.0]": {
          "count": 320,
          "bleu": 0.4262331853288512
        },
        "en-es | (0.0-0.8606018543530295]": {
          "count": 320,
          "bleu": 0.3683922412931624
        },
        "en-nl | (0.8606018543530295-0.9288814077069186]": {
          "count": 320,
          "bleu": 0.32122793291097357
        },
        "en-nl | (0.9288814077069186-1.0]": {
          "count": 320,
          "bleu": 0.34925394359730977
        },
        "en-nl | (0.0-0.8606018543530295]": {
          "count": 320,
          "bleu": 0.30293158139043824
        },
        "en-zh | (0.8606018543530295-0.9288814077069186]": {
          "count": 320,
          "bleu": 0.14150621197067384
        },
        "en-zh | (0.9288814077069186-1.0]": {
          "count": 320,
          "bleu": 0.1097721002799886
        },
        "en-zh | (0.0-0.8606018543530295]": {
          "count": 320,
          "bleu": 0.10508168174948701
        }
      }
    }
  }
}