{
  "config": {
    "data": "data/subset.jsonl",
    "model_id": "TM_8bit",
    "device_map": "auto",
    "max_new_tokens": 256,
    "bins": "0-30,30-60,60-100",
    "eval_metrics": [
      "chrf"
    ]
  },
  "counts": {
    "rows": 60
  },
  "metrics": {
    "chrf": {
      "overall": {
        "count": 60,
        "mean": 53.931005600873966
      },
      "by_bin": {
        "(30.0-60.0]": {
          "count": 15,
          "mean": 55.50879720606655
        },
        "(60.0-100.0]": {
          "count": 42,
          "mean": 52.45674969538116
        },
        "(0.0-30.0]": {
          "count": 3,
          "mean": 66.68163025181063
        }
      },
      "by_langpair": {
        "en-ru": {
          "count": 60,
          "mean": 53.931005600873966
        }
      },
      "by_langpair_bin": {
        "en-ru | (30.0-60.0]": {
          "count": 15,
          "mean": 55.50879720606655
        },
        "en-ru | (60.0-100.0]": {
          "count": 42,
          "mean": 52.45674969538116
        },
        "en-ru | (0.0-30.0]": {
          "count": 3,
          "mean": 66.68163025181063
        }
      }
    }
  }
}