{
  "config": {
    "data": "data/wmt24_estimated_normalized.jsonl",
    "model_id": "TM_8bit",
    "device_map": "auto",
    "max_new_tokens": 256,
    "bins": "quantile_balanced",
    "eval_metrics": [
      "bleu",
      "chrf",
      "comet"
    ]
  },
  "counts": {
    "rows": 3840
  },
  "metrics": {
    "chrf": {
      "overall": {
        "count": 3840,
        "mean": 52.11682752054199
      },
      "by_bin": {
        "(0.8606018543530295-0.9288814077069186]": {
          "count": 1280,
          "mean": 52.34417019186308
        },
        "(0.9288814077069186-1.0]": {
          "count": 1280,
          "mean": 52.75458990033603
        },
        "(0.0-0.8606018543530295]": {
          "count": 1280,
          "mean": 51.25172246942715
        }
      },
      "by_langpair": {
        "en-de": {
          "count": 960,
          "mean": 56.51902833286025
        },
        "en-es": {
          "count": 960,
          "mean": 62.098384163221915
        },
        "en-nl": {
          "count": 960,
          "mean": 57.41801215040447
        },
        "en-zh": {
          "count": 960,
          "mean": 32.43188543568159
        }
      },
      "by_langpair_bin": {
        "en-de | (0.8606018543530295-0.9288814077069186]": {
          "count": 320,
          "mean": 55.34780579210876
        },
        "en-de | (0.9288814077069186-1.0]": {
          "count": 320,
          "mean": 57.99438513380295
        },
        "en-de | (0.0-0.8606018543530295]": {
          "count": 320,
          "mean": 56.214894072669004
        },
        "en-es | (0.8606018543530295-0.9288814077069186]": {
          "count": 320,
          "mean": 62.78894134122849
        },
        "en-es | (0.9288814077069186-1.0]": {
          "count": 320,
          "mean": 61.84616677170253
        },
        "en-es | (0.0-0.8606018543530295]": {
          "count": 320,
          "mean": 61.66004437673486
        },
        "en-nl | (0.8606018543530295-0.9288814077069186]": {
          "count": 320,
          "mean": 57.55568836210797
        },
        "en-nl | (0.9288814077069186-1.0]": {
          "count": 320,
          "mean": 58.105702585863284
        },
        "en-nl | (0.0-0.8606018543530295]": {
          "count": 320,
          "mean": 56.59264550324217
        },
        "en-zh | (0.8606018543530295-0.9288814077069186]": {
          "count": 320,
          "mean": 33.68424527200686
        },
        "en-zh | (0.9288814077069186-1.0]": {
          "count": 320,
          "mean": 33.07210510997559
        },
        "en-zh | (0.0-0.8606018543530295]": {
          "count": 320,
          "mean": 30.539305925062404
        }
      }
    },
    "comet": {
      "overall": {
        "count": 3840,
        "mean": 0.8242902189182738,
        "system_score": 0.8242902189182738
      },
      "by_bin": {
        "(0.8606018543530295-0.9288814077069186]": {
          "count": 1280,
          "mean": 0.824251308129169
        },
        "(0.9288814077069186-1.0]": {
          "count": 1280,
          "mean": 0.8624868438579142
        },
        "(0.0-0.8606018543530295]": {
          "count": 1280,
          "mean": 0.7861325047677383
        }
      },
      "by_langpair": {
        "en-de": {
          "count": 960,
          "mean": 0.8131302711243431
        },
        "en-es": {
          "count": 960,
          "mean": 0.8218014411317806
        },
        "en-nl": {
          "count": 960,
          "mean": 0.8377654875939091
        },
        "en-zh": {
          "count": 960,
          "mean": 0.8244636758230627
        }
      },
      "by_langpair_bin": {
        "en-de | (0.8606018543530295-0.9288814077069186]": {
          "count": 320,
          "mean": 0.8095158657990396
        },
        "en-de | (0.9288814077069186-1.0]": {
          "count": 320,
          "mean": 0.8598793691955506
        },
        "en-de | (0.0-0.8606018543530295]": {
          "count": 320,
          "mean": 0.7699955783784389
        },
        "en-es | (0.8606018543530295-0.9288814077069186]": {
          "count": 320,
          "mean": 0.8220292871817947
        },
        "en-es | (0.9288814077069186-1.0]": {
          "count": 320,
          "mean": 0.8626328152604401
        },
        "en-es | (0.0-0.8606018543530295]": {
          "count": 320,
          "mean": 0.7807422209531069
        },
        "en-nl | (0.8606018543530295-0.9288814077069186]": {
          "count": 320,
          "mean": 0.8424127875827253
        },
        "en-nl | (0.9288814077069186-1.0]": {
          "count": 320,
          "mean": 0.8770859386771918
        },
        "en-nl | (0.0-0.8606018543530295]": {
          "count": 320,
          "mean": 0.7937977365218103
        },
        "en-zh | (0.8606018543530295-0.9288814077069186]": {
          "count": 320,
          "mean": 0.8230472919531167
        },
        "en-zh | (0.9288814077069186-1.0]": {
          "count": 320,
          "mean": 0.8503492522984744
        },
        "en-zh | (0.0-0.8606018543530295]": {
          "count": 320,
          "mean": 0.799994483217597
        }
      }
    },
    "bleu": {
      "overall": {
        "count": 3840,
        "bleu": 0.34872885366825046
      },
      "by_bin": {
        "(0.8606018543530295-0.9288814077069186]": {
          "count": 1280,
          "bleu": 0.36129711518309815
        },
        "(0.9288814077069186-1.0]": {
          "count": 1280,
          "bleu": 0.36998624391919255
        },
        "(0.0-0.8606018543530295]": {
          "count": 1280,
          "bleu": 0.3347468562085655
        }
      },
      "by_langpair": {
        "en-de": {
          "count": 960,
          "bleu": 0.2995038434423234
        },
        "en-es": {
          "count": 960,
          "bleu": 0.4159822040766377
        },
        "en-nl": {
          "count": 960,
          "bleu": 0.3304580076240959
        },
        "en-zh": {
          "count": 960,
          "bleu": 0.14690433625979485
        }
      },
      "by_langpair_bin": {
        "en-de | (0.8606018543530295-0.9288814077069186]": {
          "count": 320,
          "bleu": 0.30550906547749285
        },
        "en-de | (0.9288814077069186-1.0]": {
          "count": 320,
          "bleu": 0.3222818825567095
        },
        "en-de | (0.0-0.8606018543530295]": {
          "count": 320,
          "bleu": 0.2908471088959949
        },
        "en-es | (0.8606018543530295-0.9288814077069186]": {
          "count": 320,
          "bleu": 0.43828740866133553
        },
        "en-es | (0.9288814077069186-1.0]": {
          "count": 320,
          "bleu": 0.440388193710119
        },
        "en-es | (0.0-0.8606018543530295]": {
          "count": 320,
          "bleu": 0.39213236452230177
        },
        "en-nl | (0.8606018543530295-0.9288814077069186]": {
          "count": 320,
          "bleu": 0.3371232738166674
        },
        "en-nl | (0.9288814077069186-1.0]": {
          "count": 320,
          "bleu": 0.3501911044038837
        },
        "en-nl | (0.0-0.8606018543530295]": {
          "count": 320,
          "bleu": 0.32209254755025896
        },
        "en-zh | (0.8606018543530295-0.9288814077069186]": {
          "count": 320,
          "bleu": 0.17008814832233024
        },
        "en-zh | (0.9288814077069186-1.0]": {
          "count": 320,
          "bleu": 0.13629013958023786
        },
        "en-zh | (0.0-0.8606018543530295]": {
          "count": 320,
          "bleu": 0.13325494104641178
        }
      }
    }
  }
}