{
  "config": {
    "data": "data/wmt24_estimated_normalized.jsonl",
    "model_id": "TM_8bit",
    "device_map": "auto",
    "max_new_tokens": 256,
    "bins": "quantile_balanced",
    "eval_metrics": [
      "chrf",
      "comet"
    ]
  },
  "counts": {
    "rows": 3840
  },
  "metrics": {
    "chrf": {
      "overall": {
        "count": 3840,
        "mean": 45.27479610075366
      },
      "by_bin": {
        "(0.8606018543530295-0.9288814077069186]": {
          "count": 1280,
          "mean": 46.17717742862303
        },
        "(0.9288814077069186-1.0]": {
          "count": 1280,
          "mean": 42.54143542890484
        },
        "(0.0-0.8606018543530295]": {
          "count": 1280,
          "mean": 47.10577544473243
        }
      },
      "by_langpair": {
        "en-de": {
          "count": 960,
          "mean": 49.1942501680033
        },
        "en-es": {
          "count": 960,
          "mean": 55.14182643734917
        },
        "en-nl": {
          "count": 960,
          "mean": 52.394540209854
        },
        "en-zh": {
          "count": 960,
          "mean": 24.368567587807554
        }
      },
      "by_langpair_bin": {
        "en-de | (0.8606018543530295-0.9288814077069186]": {
          "count": 320,
          "mean": 49.24780453272463
        },
        "en-de | (0.9288814077069186-1.0]": {
          "count": 320,
          "mean": 47.14787613652006
        },
        "en-de | (0.0-0.8606018543530295]": {
          "count": 320,
          "mean": 51.18706983476493
        },
        "en-es | (0.8606018543530295-0.9288814077069186]": {
          "count": 320,
          "mean": 56.45489315864162
        },
        "en-es | (0.9288814077069186-1.0]": {
          "count": 320,
          "mean": 51.24313474358161
        },
        "en-es | (0.0-0.8606018543530295]": {
          "count": 320,
          "mean": 57.727451409824276
        },
        "en-nl | (0.8606018543530295-0.9288814077069186]": {
          "count": 320,
          "mean": 52.822224578308806
        },
        "en-nl | (0.9288814077069186-1.0]": {
          "count": 320,
          "mean": 51.14596924503208
        },
        "en-nl | (0.0-0.8606018543530295]": {
          "count": 320,
          "mean": 53.215426806221046
        },
        "en-zh | (0.8606018543530295-0.9288814077069186]": {
          "count": 320,
          "mean": 26.183787444817405
        },
        "en-zh | (0.9288814077069186-1.0]": {
          "count": 320,
          "mean": 20.628761590485915
        },
        "en-zh | (0.0-0.8606018543530295]": {
          "count": 320,
          "mean": 26.293153728119343
        }
      }
    },
    "comet": {
      "overall": {
        "count": 3840,
        "mean": 0.744044482607084,
        "system_score": 0.744044482607084
      },
      "by_bin": {
        "(0.8606018543530295-0.9288814077069186]": {
          "count": 1280,
          "mean": 0.7498823222122155
        },
        "(0.9288814077069186-1.0]": {
          "count": 1280,
          "mean": 0.7445460589602589
        },
        "(0.0-0.8606018543530295]": {
          "count": 1280,
          "mean": 0.7377050666487776
        }
      },
      "by_langpair": {
        "en-de": {
          "count": 960,
          "mean": 0.7362797010379533
        },
        "en-es": {
          "count": 960,
          "mean": 0.7478930059509973
        },
        "en-nl": {
          "count": 960,
          "mean": 0.7854153812242051
        },
        "en-zh": {
          "count": 960,
          "mean": 0.7065898422151804
        }
      },
      "by_langpair_bin": {
        "en-de | (0.8606018543530295-0.9288814077069186]": {
          "count": 320,
          "mean": 0.7327701057307422
        },
        "en-de | (0.9288814077069186-1.0]": {
          "count": 320,
          "mean": 0.7556964678224176
        },
        "en-de | (0.0-0.8606018543530295]": {
          "count": 320,
          "mean": 0.7203725295607001
        },
        "en-es | (0.8606018543530295-0.9288814077069186]": {
          "count": 320,
          "mean": 0.7570577869657427
        },
        "en-es | (0.9288814077069186-1.0]": {
          "count": 320,
          "mean": 0.7515747955534607
        },
        "en-es | (0.0-0.8606018543530295]": {
          "count": 320,
          "mean": 0.7350464353337884
        },
        "en-nl | (0.8606018543530295-0.9288814077069186]": {
          "count": 320,
          "mean": 0.7961155142635107
        },
        "en-nl | (0.9288814077069186-1.0]": {
          "count": 320,
          "mean": 0.8013001234270632
        },
        "en-nl | (0.0-0.8606018543530295]": {
          "count": 320,
          "mean": 0.7588305059820414
        },
        "en-zh | (0.8606018543530295-0.9288814077069186]": {
          "count": 320,
          "mean": 0.7135858818888664
        },
        "en-zh | (0.9288814077069186-1.0]": {
          "count": 320,
          "mean": 0.6696128490380943
        },
        "en-zh | (0.0-0.8606018543530295]": {
          "count": 320,
          "mean": 0.7365707957185805
        }
      }
    },
    "bleu": {
      "overall": {
        "count": 3840,
        "bleu": 0.22709409397450983
      },
      "by_bin": {
        "(0.8606018543530295-0.9288814077069186]": {
          "count": 1280,
          "bleu": 0.22898676676605872
        },
        "(0.9288814077069186-1.0]": {
          "count": 1280,
          "bleu": 0.12391194548004167
        },
        "(0.0-0.8606018543530295]": {
          "count": 1280,
          "bleu": 0.29258216669776693
        }
      },
      "by_langpair": {
        "en-de": {
          "count": 960,
          "bleu": 0.19996330119027242
        },
        "en-es": {
          "count": 960,
          "bleu": 0.2895488899962596
        },
        "en-nl": {
          "count": 960,
          "bleu": 0.2650103444087647
        },
        "en-zh": {
          "count": 960,
          "bleu": 0.01264858735555982
        }
      },
      "by_langpair_bin": {
        "en-de | (0.8606018543530295-0.9288814077069186]": {
          "count": 320,
          "bleu": 0.20047198446006786
        },
        "en-de | (0.9288814077069186-1.0]": {
          "count": 320,
          "bleu": 0.11538729538637069
        },
        "en-de | (0.0-0.8606018543530295]": {
          "count": 320,
          "bleu": 0.24913993476762353
        },
        "en-es | (0.8606018543530295-0.9288814077069186]": {
          "count": 320,
          "bleu": 0.2984737180436098
        },
        "en-es | (0.9288814077069186-1.0]": {
          "count": 320,
          "bleu": 0.1694630715931642
        },
        "en-es | (0.0-0.8606018543530295]": {
          "count": 320,
          "bleu": 0.3544749894084363
        },
        "en-nl | (0.8606018543530295-0.9288814077069186]": {
          "count": 320,
          "bleu": 0.26544981658298233
        },
        "en-nl | (0.9288814077069186-1.0]": {
          "count": 320,
          "bleu": 0.17481831318509655
        },
        "en-nl | (0.0-0.8606018543530295]": {
          "count": 320,
          "bleu": 0.2989526340901543
        },
        "en-zh | (0.8606018543530295-0.9288814077069186]": {
          "count": 320,
          "bleu": 0.01528896207836691
        },
        "en-zh | (0.9288814077069186-1.0]": {
          "count": 320,
          "bleu": 0.0026157225405299073
        },
        "en-zh | (0.0-0.8606018543530295]": {
          "count": 320,
          "bleu": 0.03470210588749444
        }
      }
    }
  }
}