{
  "config": {
    "data": "data/wmt24_filtered_100.jsonl",
    "model_id": "TM_8bit",
    "device_map": "auto",
    "max_new_tokens": 256,
    "bins": "quantile_balanced",
    "eval_metrics": [
      "chrf",
      "comet"
    ]
  },
  "counts": {
    "rows": 386
  },
  "metrics": {
    "chrf": {
      "overall": {
        "count": 386,
        "mean": 45.493659676983526
      },
      "by_bin": {
        "(0.9307763735422399-0.9958426710938243]": {
          "count": 128,
          "mean": 43.14318501800335
        },
        "(0.8641313217143293-0.9307763735422399]": {
          "count": 128,
          "mean": 48.491379819452824
        },
        "(0.0-0.8641313217143293]": {
          "count": 128,
          "mean": 44.60480406761025
        },
        "UNBINNED": {
          "count": 2,
          "mean": 60.95670773356697
        }
      },
      "by_langpair": {
        "en-de": {
          "count": 99,
          "mean": 48.421560769728636
        },
        "en-zh": {
          "count": 96,
          "mean": 22.551323096924225
        },
        "en-nl": {
          "count": 96,
          "mean": 53.07750607208479
        },
        "en-es": {
          "count": 95,
          "mean": 57.96263704092248
        }
      },
      "by_langpair_bin": {
        "en-de | (0.9307763735422399-0.9958426710938243]": {
          "count": 37,
          "mean": 43.10881518380902
        },
        "en-zh | (0.8641313217143293-0.9307763735422399]": {
          "count": 28,
          "mean": 29.822674538884595
        },
        "en-nl | (0.8641313217143293-0.9307763735422399]": {
          "count": 33,
          "mean": 52.093290252743714
        },
        "en-es | (0.0-0.8641313217143293]": {
          "count": 29,
          "mean": 53.88659156289933
        },
        "en-de | (0.8641313217143293-0.9307763735422399]": {
          "count": 33,
          "mean": 51.690242845998455
        },
        "en-nl | (0.9307763735422399-0.9958426710938243]": {
          "count": 32,
          "mean": 49.18084398490288
        },
        "en-es | (0.9307763735422399-0.9958426710938243]": {
          "count": 31,
          "mean": 62.71156249466798
        },
        "en-de | (0.0-0.8641313217143293]": {
          "count": 28,
          "mean": 50.84616834654515
        },
        "en-zh | (0.0-0.8641313217143293]": {
          "count": 40,
          "mean": 23.010901364101574
        },
        "en-es | (0.8641313217143293-0.9307763735422399]": {
          "count": 34,
          "mean": 57.264856986549965
        },
        "en-zh | (0.9307763735422399-0.9958426710938243]": {
          "count": 28,
          "mean": 14.623431273281932
        },
        "en-de | UNBINNED": {
          "count": 1,
          "mean": 69.23762678098623
        },
        "en-nl | (0.0-0.8641313217143293]": {
          "count": 31,
          "mean": 58.14758055040979
        },
        "en-es | UNBINNED": {
          "count": 1,
          "mean": 52.67578868614772
        }
      }
    },
    "comet": {
      "overall": {
        "count": 386,
        "mean": 0.7415365840409703,
        "system_score": 0.7415365840409703
      },
      "by_bin": {
        "(0.9307763735422399-0.9958426710938243]": {
          "count": 128,
          "mean": 0.7381642812397331
        },
        "(0.8641313217143293-0.9307763735422399]": {
          "count": 128,
          "mean": 0.766867138678208
        },
        "(0.0-0.8641313217143293]": {
          "count": 128,
          "mean": 0.7191960931522772
        },
        "UNBINNED": {
          "count": 2,
          "mean": 0.7659998834133148
        }
      },
      "by_langpair": {
        "en-de": {
          "count": 99,
          "mean": 0.7333526247077518
        },
        "en-zh": {
          "count": 96,
          "mean": 0.6842600818102559
        },
        "en-nl": {
          "count": 96,
          "mean": 0.7966532387460271
        },
        "en-es": {
          "count": 95,
          "mean": 0.7522477138983575
        }
      },
      "by_langpair_bin": {
        "en-de | (0.9307763735422399-0.9958426710938243]": {
          "count": 37,
          "mean": 0.7382700926548725
        },
        "en-zh | (0.8641313217143293-0.9307763735422399]": {
          "count": 28,
          "mean": 0.728237947182996
        },
        "en-nl | (0.8641313217143293-0.9307763735422399]": {
          "count": 33,
          "mean": 0.8114346870870301
        },
        "en-es | (0.0-0.8641313217143293]": {
          "count": 29,
          "mean": 0.6832404008199429
        },
        "en-de | (0.8641313217143293-0.9307763735422399]": {
          "count": 33,
          "mean": 0.7575138021599163
        },
        "en-nl | (0.9307763735422399-0.9958426710938243]": {
          "count": 32,
          "mean": 0.7863851226866245
        },
        "en-es | (0.9307763735422399-0.9958426710938243]": {
          "count": 31,
          "mean": 0.8052339871083537
        },
        "en-de | (0.0-0.8641313217143293]": {
          "count": 28,
          "mean": 0.6946513461215156
        },
        "en-zh | (0.0-0.8641313217143293]": {
          "count": 40,
          "mean": 0.7063962072134018
        },
        "en-es | (0.8641313217143293-0.9307763735422399]": {
          "count": 34,
          "mean": 0.7645009142511031
        },
        "en-zh | (0.9307763735422399-0.9958426710938243]": {
          "count": 28,
          "mean": 0.6086591801473072
        },
        "en-de | UNBINNED": {
          "count": 1,
          "mean": 0.8377232551574707
        },
        "en-nl | (0.0-0.8641313217143293]": {
          "count": 31,
          "mean": 0.7915174941862783
        },
        "en-es | UNBINNED": {
          "count": 1,
          "mean": 0.6942765116691589
        }
      }
    }
  }
}