{
  "config": {
    "data": "data/balanced_100.jsonl",
    "model_id": "TM_8bit",
    "device_map": "auto",
    "max_new_tokens": 256,
    "bins": "quantile_balanced",
    "eval_metrics": [
      "chrf"
    ]
  },
  "counts": {
    "rows": 400
  },
  "metrics": {
    "chrf": {
      "overall": {
        "count": 400,
        "mean": 48.858017114450384
      },
      "by_bin": {
        "(0-82]": {
          "count": 120,
          "mean": 47.845263355747086
        },
        "(98-100]": {
          "count": 120,
          "mean": 53.14712318855413
        },
        "UNBINNED": {
          "count": 40,
          "mean": 43.467862990116856
        },
        "(82-98]": {
          "count": 120,
          "mean": 47.378382840494446
        }
      },
      "by_langpair": {
        "en-ru": {
          "count": 120,
          "mean": 58.29783469151461
        },
        "en-zh": {
          "count": 153,
          "mean": 29.150089953133307
        },
        "en-es": {
          "count": 127,
          "mean": 63.68112535408667
        }
      },
      "by_langpair_bin": {
        "en-ru | (0-82]": {
          "count": 59,
          "mean": 53.44077477930213
        },
        "en-zh | (98-100]": {
          "count": 31,
          "mean": 24.68345839066207
        },
        "en-zh | UNBINNED": {
          "count": 21,
          "mean": 29.98422985915705
        },
        "en-es | (82-98]": {
          "count": 32,
          "mean": 69.77235846220444
        },
        "en-ru | (98-100]": {
          "count": 30,
          "mean": 65.05668939501656
        },
        "en-zh | (0-82]": {
          "count": 35,
          "mean": 26.98699524126794
        },
        "en-es | (0-82]": {
          "count": 26,
          "mean": 63.2261945102479
        },
        "en-zh | (82-98]": {
          "count": 66,
          "mean": 32.12974079139686
        },
        "en-es | (98-100]": {
          "count": 59,
          "mean": 62.04689645195723
        },
        "en-ru | (82-98]": {
          "count": 22,
          "mean": 60.551253538027204
        },
        "en-es | UNBINNED": {
          "count": 10,
          "mean": 55.0139501246543
        },
        "en-ru | UNBINNED": {
          "count": 9,
          "mean": 62.100687923981496
        }
      }
    }
  }
}