{
  "config": {
    "data": "data/wmt24_filtered_100.jsonl",
    "model_id": "TM_8bit",
    "device_map": "auto",
    "max_new_tokens": 256,
    "bins": "quantile_balanced",
    "eval_metrics": [
      "bleu",
      "chrf",
      "comet"
    ]
  },
  "counts": {
    "rows": 386
  },
  "metrics": {
    "chrf": {
      "overall": {
        "count": 386,
        "mean": 52.312027852759265
      },
      "by_bin": {
        "(0.9307763735422399-0.9958426710938243]": {
          "count": 128,
          "mean": 53.567607566123286
        },
        "(0.8641313217143293-0.9307763735422399]": {
          "count": 128,
          "mean": 53.56468688981782
        },
        "(0.0-0.8641313217143293]": {
          "count": 128,
          "mean": 49.613381737450155
        },
        "UNBINNED": {
          "count": 2,
          "mean": 64.49809920549022
        }
      },
      "by_langpair": {
        "en-de": {
          "count": 99,
          "mean": 56.615601661992415
        },
        "en-zh": {
          "count": 96,
          "mean": 32.214138424886315
        },
        "en-nl": {
          "count": 96,
          "mean": 57.92351449633625
        },
        "en-es": {
          "count": 95,
          "mean": 62.46614217042571
        }
      },
      "by_langpair_bin": {
        "en-de | (0.9307763735422399-0.9958426710938243]": {
          "count": 37,
          "mean": 57.82377994392694
        },
        "en-zh | (0.8641313217143293-0.9307763735422399]": {
          "count": 28,
          "mean": 37.12682054536602
        },
        "en-nl | (0.8641313217143293-0.9307763735422399]": {
          "count": 33,
          "mean": 56.948165663980205
        },
        "en-es | (0.0-0.8641313217143293]": {
          "count": 29,
          "mean": 61.44247124679326
        },
        "en-de | (0.8641313217143293-0.9307763735422399]": {
          "count": 33,
          "mean": 54.807776016964155
        },
        "en-nl | (0.9307763735422399-0.9958426710938243]": {
          "count": 32,
          "mean": 58.33017181533054
        },
        "en-es | (0.9307763735422399-0.9958426710938243]": {
          "count": 31,
          "mean": 63.546752890167205
        },
        "en-de | (0.0-0.8641313217143293]": {
          "count": 28,
          "mean": 56.483268890148096
        },
        "en-zh | (0.0-0.8641313217143293]": {
          "count": 40,
          "mean": 29.30868101665281
        },
        "en-es | (0.8641313217143293-0.9307763735422399]": {
          "count": 34,
          "mean": 62.61126091633137
        },
        "en-zh | (0.9307763735422399-0.9958426710938243]": {
          "count": 28,
          "mean": 31.452109744740135
        },
        "en-de | UNBINNED": {
          "count": 1,
          "mean": 75.2765691279922
        },
        "en-nl | (0.0-0.8641313217143293]": {
          "count": 31,
          "mean": 58.54201376278567
        },
        "en-es | UNBINNED": {
          "count": 1,
          "mean": 53.719629282988244
        }
      }
    },
    "comet": {
      "overall": {
        "count": 386,
        "mean": 0.8281481574854085,
        "system_score": 0.8281481574854085
      },
      "by_bin": {
        "(0.9307763735422399-0.9958426710938243]": {
          "count": 128,
          "mean": 0.8716425113379955
        },
        "(0.8641313217143293-0.9307763735422399]": {
          "count": 128,
          "mean": 0.8264138225931674
        },
        "(0.0-0.8641313217143293]": {
          "count": 128,
          "mean": 0.7871628717985004
        },
        "UNBINNED": {
          "count": 2,
          "mean": 0.7785652279853821
        }
      },
      "by_langpair": {
        "en-de": {
          "count": 99,
          "mean": 0.8233670827114221
        },
        "en-zh": {
          "count": 96,
          "mean": 0.8264266171803077
        },
        "en-nl": {
          "count": 96,
          "mean": 0.8394322867194811
        },
        "en-es": {
          "count": 95,
          "mean": 0.823467292911128
        }
      },
      "by_langpair_bin": {
        "en-de | (0.9307763735422399-0.9958426710938243]": {
          "count": 37,
          "mean": 0.8785064880912369
        },
        "en-zh | (0.8641313217143293-0.9307763735422399]": {
          "count": 28,
          "mean": 0.8340342513152531
        },
        "en-nl | (0.8641313217143293-0.9307763735422399]": {
          "count": 33,
          "mean": 0.8404079946604642
        },
        "en-es | (0.0-0.8641313217143293]": {
          "count": 29,
          "mean": 0.7795943566437425
        },
        "en-de | (0.8641313217143293-0.9307763735422399]": {
          "count": 33,
          "mean": 0.8140484004309683
        },
        "en-nl | (0.9307763735422399-0.9958426710938243]": {
          "count": 32,
          "mean": 0.8824276924133301
        },
        "en-es | (0.9307763735422399-0.9958426710938243]": {
          "count": 31,
          "mean": 0.8741842258361078
        },
        "en-de | (0.0-0.8641313217143293]": {
          "count": 28,
          "mean": 0.7599417758839471
        },
        "en-zh | (0.0-0.8641313217143293]": {
          "count": 40,
          "mean": 0.8063972994685173
        },
        "en-es | (0.8641313217143293-0.9307763735422399]": {
          "count": 34,
          "mean": 0.8185573299141491
        },
        "en-zh | (0.9307763735422399-0.9958426710938243]": {
          "count": 28,
          "mean": 0.8474322940622058
        },
        "en-de | UNBINNED": {
          "count": 1,
          "mean": 0.86663419008255
        },
        "en-nl | (0.0-0.8641313217143293]": {
          "count": 31,
          "mean": 0.7940112756144616
        },
        "en-es | UNBINNED": {
          "count": 1,
          "mean": 0.6904962658882141
        }
      }
    },
    "bleu": {
      "overall": {
        "count": 386,
        "bleu": 0.35175762361906976
      },
      "by_bin": {
        "(0.9307763735422399-0.9958426710938243]": {
          "count": 128,
          "bleu": 0.3792461024942631
        },
        "(0.8641313217143293-0.9307763735422399]": {
          "count": 128,
          "bleu": 0.35219732017076516
        },
        "(0.0-0.8641313217143293]": {
          "count": 128,
          "bleu": 0.34216899432242115
        },
        "UNBINNED": {
          "count": 2,
          "bleu": 0.3941563967734171
        }
      },
      "by_langpair": {
        "en-de": {
          "count": 99,
          "bleu": 0.3114985544817542
        },
        "en-zh": {
          "count": 96,
          "bleu": 0.17843471265626787
        },
        "en-nl": {
          "count": 96,
          "bleu": 0.3236323513489972
        },
        "en-es": {
          "count": 95,
          "bleu": 0.41795991425862544
        }
      },
      "by_langpair_bin": {
        "en-de | (0.9307763735422399-0.9958426710938243]": {
          "count": 37,
          "bleu": 0.3276626286831616
        },
        "en-zh | (0.8641313217143293-0.9307763735422399]": {
          "count": 28,
          "bleu": 0.20459676857998185
        },
        "en-nl | (0.8641313217143293-0.9307763735422399]": {
          "count": 33,
          "bleu": 0.32006062617328307
        },
        "en-es | (0.0-0.8641313217143293]": {
          "count": 29,
          "bleu": 0.3922873534593161
        },
        "en-de | (0.8641313217143293-0.9307763735422399]": {
          "count": 33,
          "bleu": 0.2832861982695126
        },
        "en-nl | (0.9307763735422399-0.9958426710938243]": {
          "count": 32,
          "bleu": 0.3299192101825569
        },
        "en-es | (0.9307763735422399-0.9958426710938243]": {
          "count": 31,
          "bleu": 0.46633848505839715
        },
        "en-de | (0.0-0.8641313217143293]": {
          "count": 28,
          "bleu": 0.31178978071152524
        },
        "en-zh | (0.0-0.8641313217143293]": {
          "count": 40,
          "bleu": 0.17631690372601888
        },